Site,Parameter,Date (LT),Year,Month,Day,Hour,NowCast Conc.,AQI,AQI Category,Raw Conc.,Conc. Unit,Duration,QC Name
Hanoi,PM2.5 - Principal,12/1/2021,2021,12,1,1,58.8,153,Unhealthy,49,UG/M3,1 Hr,Valid
Hanoi,PM2.5 - Principal,12/1/2021,2021,12,1,2,48.4,133,Unhealthy for Sensitive Groups,38,UG/M3,1 Hr,Valid
Hanoi,PM2.5 - Principal,12/1/2021,2021,12,1,3,49.7,136,Unhealthy for Sensitive Groups,51,UG/M3,1 Hr,Valid
Hanoi,PM2.5 - Principal,12/1/2021,2021,12,1,4,45.8,126,Unhealthy for Sensitive Groups,42,UG/M3,1 Hr,Valid
Hanoi,PM2.5 - Principal,12/1/2021,2021,12,1,5,49.9,136,Unhealthy for Sensitive Groups,54,UG/M3,1 Hr,Valid
Hanoi,PM2.5 - Principal,12/1/2021,2021,12,1,6,56.9,152,Unhealthy,64,UG/M3,1 Hr,Valid
Hanoi,PM2.5 - Principal,12/1/2021,2021,12,1,7,53.4,145,Unhealthy for Sensitive Groups,50,UG/M3,1 Hr,Valid
Hanoi,PM2.5 - Principal,12/1/2021,2021,12,1,8,48.2,132,Unhealthy for Sensitive Groups,43,UG/M3,1 Hr,Valid
Hanoi,PM2.5 - Principal,12/1/2021,2021,12,1,9,40.6,114,Unhealthy for Sensitive Groups,33,UG/M3,1 Hr,Valid
Hanoi,PM2.5 - Principal,12/1/2021,2021,12,1,10,38.3,108,Unhealthy for Sensitive Groups,36,UG/M3,1 Hr,Valid
Hanoi,PM2.5 - Principal,12/1/2021,2021,12,1,11,34.1,97,Moderate,30,UG/M3,1 Hr,Valid
Hanoi,PM2.5 - Principal,12/1/2021,2021,12,1,12,32.5,94,Moderate,31,UG/M3,1 Hr,Valid
Hanoi,PM2.5 - Principal,12/1/2021,2021,12,1,13,29.7,88,Moderate,27,UG/M3,1 Hr,Valid
Hanoi,PM2.5 - Principal,12/1/2021,2021,12,1,14,29.3,87,Moderate,29,UG/M3,1 Hr,Valid
Hanoi,PM2.5 - Principal,12/1/2021,2021,12,1,15,25.1,78,Moderate,21,UG/M3,1 Hr,Valid
Hanoi,PM2.5 - Principal,12/1/2021,2021,12,1,16,24,76,Moderate,23,UG/M3,1 Hr,Valid
Hanoi,PM2.5 - Principal,12/1/2021,2021,12,1,17,25.5,79,Moderate,27,UG/M3,1 Hr,Valid
Hanoi,PM2.5 - Principal,12/1/2021,2021,12,1,18,39.7,111,Unhealthy for Sensitive Groups,54,UG/M3,1 Hr,Valid
Hanoi,PM2.5 - Principal,12/1/2021,2021,12,1,19,57.3,152,Unhealthy,75,UG/M3,1 Hr,Valid
Hanoi,PM2.5 - Principal,12/1/2021,2021,12,1,20,71.1,159,Unhealthy,85,UG/M3,1 Hr,Valid
Hanoi,PM2.5 - Principal,12/1/2021,2021,12,1,21,81.1,164,Unhealthy,91,UG/M3,1 Hr,Valid
Hanoi,PM2.5 - Principal,12/1/2021,2021,12,1,22,78,163,Unhealthy,75,UG/M3,1 Hr,Valid
Hanoi,PM2.5 - Principal,12/1/2021,2021,12,1,23,70,158,Unhealthy,62,UG/M3,1 Hr,Valid
Hanoi,PM2.5 - Principal,12/2/2021,2021,12,2,0,76,162,Unhealthy,82,UG/M3,1 Hr,Valid
Hanoi,PM2.5 - Principal,12/2/2021,2021,12,2,1,147,198,Unhealthy,218,UG/M3,1 Hr,Valid
Hanoi,PM2.5 - Principal,12/2/2021,2021,12,2,2,117.5,183,Unhealthy,88,UG/M3,1 Hr,Valid
Hanoi,PM2.5 - Principal,12/2/2021,2021,12,2,3,96.2,172,Unhealthy,75,UG/M3,1 Hr,Valid
Hanoi,PM2.5 - Principal,12/2/2021,2021,12,2,4,80.1,164,Unhealthy,64,UG/M3,1 Hr,Valid
Hanoi,PM2.5 - Principal,12/2/2021,2021,12,2,5,93,170,Unhealthy,106,UG/M3,1 Hr,Valid
Hanoi,PM2.5 - Principal,12/2/2021,2021,12,2,6,107,178,Unhealthy,121,UG/M3,1 Hr,Valid
Hanoi,PM2.5 - Principal,12/2/2021,2021,12,2,7,108.5,178,Unhealthy,110,UG/M3,1 Hr,Valid
Hanoi,PM2.5 - Principal,12/2/2021,2021,12,2,8,103.7,176,Unhealthy,99,UG/M3,1 Hr,Valid
Hanoi,PM2.5 - Principal,12/2/2021,2021,12,2,9,94.8,171,Unhealthy,86,UG/M3,1 Hr,Valid
Hanoi,PM2.5 - Principal,12/2/2021,2021,12,2,10,74.9,161,Unhealthy,55,UG/M3,1 Hr,Valid
Hanoi,PM2.5 - Principal,12/2/2021,2021,12,2,11,60.4,154,Unhealthy,46,UG/M3,1 Hr,Valid
Hanoi,PM2.5 - Principal,12/2/2021,2021,12,2,12,47.7,131,Unhealthy for Sensitive Groups,35,UG/M3,1 Hr,Valid
Hanoi,PM2.5 - Principal,12/2/2021,2021,12,2,13,39.8,112,Unhealthy for Sensitive Groups,32,UG/M3,1 Hr,Valid
Hanoi,PM2.5 - Principal,12/2/2021,2021,12,2,14,34.4,98,Moderate,29,UG/M3,1 Hr,Valid
Hanoi,PM2.5 - Principal,12/2/2021,2021,12,2,15,30.2,89,Moderate,26,UG/M3,1 Hr,Valid
Hanoi,PM2.5 - Principal,12/2/2021,2021,12,2,16,29.5,88,Moderate,29,UG/M3,1 Hr,Valid
Hanoi,PM2.5 - Principal,12/2/2021,2021,12,2,17,31.7,92,Moderate,34,UG/M3,1 Hr,Valid
Hanoi,PM2.5 - Principal,12/2/2021,2021,12,2,18,51.3,140,Unhealthy for Sensitive Groups,71,UG/M3,1 Hr,Valid
Hanoi,PM2.5 - Principal,12/2/2021,2021,12,2,19,65.1,156,Unhealthy,79,UG/M3,1 Hr,Valid
Hanoi,PM2.5 - Principal,12/2/2021,2021,12,2,20,75.5,161,Unhealthy,86,UG/M3,1 Hr,Valid
Hanoi,PM2.5 - Principal,12/2/2021,2021,12,2,21,81.7,165,Unhealthy,88,UG/M3,1 Hr,Valid
Hanoi,PM2.5 - Principal,12/2/2021,2021,12,2,22,95.9,172,Unhealthy,110,UG/M3,1 Hr,Valid
Hanoi,PM2.5 - Principal,12/2/2021,2021,12,2,23,109.9,179,Unhealthy,124,UG/M3,1 Hr,Valid
Hanoi,PM2.5 - Principal,12/3/2021,2021,12,3,0,138.9,194,Unhealthy,168,UG/M3,1 Hr,Valid
Hanoi,PM2.5 - Principal,12/3/2021,2021,12,3,1,140.5,195,Unhealthy,142,UG/M3,1 Hr,Valid
Hanoi,PM2.5 - Principal,12/3/2021,2021,12,3,2,131.7,190,Unhealthy,123,UG/M3,1 Hr,Valid
Hanoi,PM2.5 - Principal,12/3/2021,2021,12,3,3,121.3,185,Unhealthy,111,UG/M3,1 Hr,Valid
Hanoi,PM2.5 - Principal,12/3/2021,2021,12,3,4,106.7,177,Unhealthy,92,UG/M3,1 Hr,Valid
Hanoi,PM2.5 - Principal,12/3/2021,2021,12,3,5,95.8,172,Unhealthy,85,UG/M3,1 Hr,Valid
Hanoi,PM2.5 - Principal,12/3/2021,2021,12,3,6,100.4,174,Unhealthy,105,UG/M3,1 Hr,Valid
Hanoi,PM2.5 - Principal,12/3/2021,2021,12,3,7,95.3,172,Unhealthy,90,UG/M3,1 Hr,Valid
Hanoi,PM2.5 - Principal,12/3/2021,2021,12,3,8,94.6,171,Unhealthy,94,UG/M3,1 Hr,Valid
Hanoi,PM2.5 - Principal,12/3/2021,2021,12,3,9,90.3,169,Unhealthy,86,UG/M3,1 Hr,Valid
Hanoi,PM2.5 - Principal,12/3/2021,2021,12,3,10,81.1,164,Unhealthy,72,UG/M3,1 Hr,Valid
Hanoi,PM2.5 - Principal,12/3/2021,2021,12,3,11,74.5,161,Unhealthy,68,UG/M3,1 Hr,Valid
Hanoi,PM2.5 - Principal,12/3/2021,2021,12,3,12,61.2,154,Unhealthy,48,UG/M3,1 Hr,Valid
Hanoi,PM2.5 - Principal,12/3/2021,2021,12,3,13,48.6,133,Unhealthy for Sensitive Groups,36,UG/M3,1 Hr,Valid
Hanoi,PM2.5 - Principal,12/3/2021,2021,12,3,14,41.2,115,Unhealthy for Sensitive Groups,34,UG/M3,1 Hr,Valid
Hanoi,PM2.5 - Principal,12/3/2021,2021,12,3,15,35.1,99,Moderate,29,UG/M3,1 Hr,Valid
Hanoi,PM2.5 - Principal,12/3/2021,2021,12,3,16,31,91,Moderate,27,UG/M3,1 Hr,Valid
Hanoi,PM2.5 - Principal,12/3/2021,2021,12,3,17,32,93,Moderate,33,UG/M3,1 Hr,Valid
Hanoi,PM2.5 - Principal,12/3/2021,2021,12,3,18,41.5,116,Unhealthy for Sensitive Groups,51,UG/M3,1 Hr,Valid
Hanoi,PM2.5 - Principal,12/3/2021,2021,12,3,19,52.2,142,Unhealthy for Sensitive Groups,63,UG/M3,1 Hr,Valid
Hanoi,PM2.5 - Principal,12/3/2021,2021,12,3,20,69.6,158,Unhealthy,87,UG/M3,1 Hr,Valid
Hanoi,PM2.5 - Principal,12/3/2021,2021,12,3,21,95.8,172,Unhealthy,122,UG/M3,1 Hr,Valid
Hanoi,PM2.5 - Principal,12/3/2021,2021,12,3,22,98.4,173,Unhealthy,101,UG/M3,1 Hr,Valid
Hanoi,PM2.5 - Principal,12/3/2021,2021,12,3,23,111.7,180,Unhealthy,125,UG/M3,1 Hr,Valid
Hanoi,PM2.5 - Principal,12/4/2021,2021,12,4,0,134.3,192,Unhealthy,157,UG/M3,1 Hr,Valid
Hanoi,PM2.5 - Principal,12/4/2021,2021,12,4,1,142.1,196,Unhealthy,150,UG/M3,1 Hr,Valid
Hanoi,PM2.5 - Principal,12/4/2021,2021,12,4,2,145.1,197,Unhealthy,148,UG/M3,1 Hr,Valid
Hanoi,PM2.5 - Principal,12/4/2021,2021,12,4,3,193,243,Very Unhealthy,241,UG/M3,1 Hr,Valid
Hanoi,PM2.5 - Principal,12/4/2021,2021,12,4,4,160.5,211,Very Unhealthy,128,UG/M3,1 Hr,Valid
Hanoi,PM2.5 - Principal,12/4/2021,2021,12,4,5,125.2,187,Unhealthy,90,UG/M3,1 Hr,Valid
Hanoi,PM2.5 - Principal,12/4/2021,2021,12,4,6,111.6,180,Unhealthy,98,UG/M3,1 Hr,Valid
Hanoi,PM2.5 - Principal,12/4/2021,2021,12,4,7,110.8,180,Unhealthy,110,UG/M3,1 Hr,Valid
Hanoi,PM2.5 - Principal,12/4/2021,2021,12,4,8,111.9,180,Unhealthy,113,UG/M3,1 Hr,Valid
Hanoi,PM2.5 - Principal,12/4/2021,2021,12,4,9,106.4,177,Unhealthy,101,UG/M3,1 Hr,Valid
Hanoi,PM2.5 - Principal,12/4/2021,2021,12,4,10,98.2,173,Unhealthy,90,UG/M3,1 Hr,Valid
Hanoi,PM2.5 - Principal,12/4/2021,2021,12,4,11,90.1,169,Unhealthy,82,UG/M3,1 Hr,Valid
Hanoi,PM2.5 - Principal,12/4/2021,2021,12,4,12,81.5,164,Unhealthy,73,UG/M3,1 Hr,Valid
Hanoi,PM2.5 - Principal,12/4/2021,2021,12,4,13,61.7,154,Unhealthy,42,UG/M3,1 Hr,Valid
Hanoi,PM2.5 - Principal,12/4/2021,2021,12,4,14,50.3,137,Unhealthy for Sensitive Groups,39,UG/M3,1 Hr,Valid
Hanoi,PM2.5 - Principal,12/4/2021,2021,12,4,15,39.1,110,Unhealthy for Sensitive Groups,28,UG/M3,1 Hr,Valid
Hanoi,PM2.5 - Principal,12/4/2021,2021,12,4,16,38,107,Unhealthy for Sensitive Groups,37,UG/M3,1 Hr,Valid
Hanoi,PM2.5 - Principal,12/4/2021,2021,12,4,17,40.5,113,Unhealthy for Sensitive Groups,43,UG/M3,1 Hr,Valid
Hanoi,PM2.5 - Principal,12/4/2021,2021,12,4,18,54.7,148,Unhealthy for Sensitive Groups,69,UG/M3,1 Hr,Valid
Hanoi,PM2.5 - Principal,12/4/2021,2021,12,4,19,65.3,156,Unhealthy,76,UG/M3,1 Hr,Valid
Hanoi,PM2.5 - Principal,12/4/2021,2021,12,4,20,88.1,168,Unhealthy,111,UG/M3,1 Hr,Valid
Hanoi,PM2.5 - Principal,12/4/2021,2021,12,4,21,108.5,178,Unhealthy,129,UG/M3,1 Hr,Valid
Hanoi,PM2.5 - Principal,12/4/2021,2021,12,4,22,94.7,171,Unhealthy,81,UG/M3,1 Hr,Valid
Hanoi,PM2.5 - Principal,12/4/2021,2021,12,4,23,85.3,166,Unhealthy,76,UG/M3,1 Hr,Valid
Hanoi,PM2.5 - Principal,12/5/2021,2021,12,5,0,79.1,163,Unhealthy,73,UG/M3,1 Hr,Valid
Hanoi,PM2.5 - Principal,12/5/2021,2021,12,5,1,90.1,169,Unhealthy,101,UG/M3,1 Hr,Valid
Hanoi,PM2.5 - Principal,12/5/2021,2021,12,5,2,101.5,175,Unhealthy,113,UG/M3,1 Hr,Valid
Hanoi,PM2.5 - Principal,12/5/2021,2021,12,5,3,111.2,180,Unhealthy,121,UG/M3,1 Hr,Valid
Hanoi,PM2.5 - Principal,12/5/2021,2021,12,5,4,146.6,198,Unhealthy,182,UG/M3,1 Hr,Valid
Hanoi,PM2.5 - Principal,12/5/2021,2021,12,5,5,153.3,204,Very Unhealthy,160,UG/M3,1 Hr,Valid
Hanoi,PM2.5 - Principal,12/5/2021,2021,12,5,6,147.6,199,Unhealthy,142,UG/M3,1 Hr,Valid
Hanoi,PM2.5 - Principal,12/5/2021,2021,12,5,7,134.8,192,Unhealthy,122,UG/M3,1 Hr,Valid
Hanoi,PM2.5 - Principal,12/5/2021,2021,12,5,8,126.4,188,Unhealthy,118,UG/M3,1 Hr,Valid
Hanoi,PM2.5 - Principal,12/5/2021,2021,12,5,9,131.2,190,Unhealthy,136,UG/M3,1 Hr,Valid
Hanoi,PM2.5 - Principal,12/5/2021,2021,12,5,10,118.1,183,Unhealthy,105,UG/M3,1 Hr,Valid
Hanoi,PM2.5 - Principal,12/5/2021,2021,12,5,11,99.5,174,Unhealthy,81,UG/M3,1 Hr,Valid
Hanoi,PM2.5 - Principal,12/5/2021,2021,12,5,12,86.7,167,Unhealthy,74,UG/M3,1 Hr,Valid
Hanoi,PM2.5 - Principal,12/5/2021,2021,12,5,13,64.8,156,Unhealthy,43,UG/M3,1 Hr,Valid
Hanoi,PM2.5 - Principal,12/5/2021,2021,12,5,14,56.9,152,Unhealthy,49,UG/M3,1 Hr,Valid
Hanoi,PM2.5 - Principal,12/5/2021,2021,12,5,15,47.9,132,Unhealthy for Sensitive Groups,39,UG/M3,1 Hr,Valid
Hanoi,PM2.5 - Principal,12/5/2021,2021,12,5,16,45.4,125,Unhealthy for Sensitive Groups,43,UG/M3,1 Hr,Valid
Hanoi,PM2.5 - Principal,12/5/2021,2021,12,5,17,48.7,134,Unhealthy for Sensitive Groups,52,UG/M3,1 Hr,Valid
Hanoi,PM2.5 - Principal,12/5/2021,2021,12,5,18,61.8,154,Unhealthy,75,UG/M3,1 Hr,Valid
Hanoi,PM2.5 - Principal,12/5/2021,2021,12,5,19,73.4,160,Unhealthy,85,UG/M3,1 Hr,Valid
Hanoi,PM2.5 - Principal,12/5/2021,2021,12,5,20,110.7,180,Unhealthy,148,UG/M3,1 Hr,Valid
Hanoi,PM2.5 - Principal,12/5/2021,2021,12,5,21,111.3,180,Unhealthy,112,UG/M3,1 Hr,Valid
Hanoi,PM2.5 - Principal,12/5/2021,2021,12,5,22,116.1,182,Unhealthy,121,UG/M3,1 Hr,Valid
Hanoi,PM2.5 - Principal,12/5/2021,2021,12,5,23,123.5,186,Unhealthy,131,UG/M3,1 Hr,Valid
Hanoi,PM2.5 - Principal,12/6/2021,2021,12,6,0,133.8,191,Unhealthy,144,UG/M3,1 Hr,Valid
Hanoi,PM2.5 - Principal,12/6/2021,2021,12,6,1,142.9,196,Unhealthy,152,UG/M3,1 Hr,Valid
Hanoi,PM2.5 - Principal,12/6/2021,2021,12,6,2,149.9,200,Unhealthy,157,UG/M3,1 Hr,Valid
Hanoi,PM2.5 - Principal,12/6/2021,2021,12,6,3,161,211,Very Unhealthy,172,UG/M3,1 Hr,Valid
Hanoi,PM2.5 - Principal,12/6/2021,2021,12,6,4,165,215,Very Unhealthy,169,UG/M3,1 Hr,Valid
Hanoi,PM2.5 - Principal,12/6/2021,2021,12,6,5,164,214,Very Unhealthy,163,UG/M3,1 Hr,Valid
Hanoi,PM2.5 - Principal,12/6/2021,2021,12,6,6,161,211,Very Unhealthy,158,UG/M3,1 Hr,Valid
Hanoi,PM2.5 - Principal,12/6/2021,2021,12,6,7,152.3,203,Very Unhealthy,138,UG/M3,1 Hr,Valid
Hanoi,PM2.5 - Principal,12/6/2021,2021,12,6,8,161.3,212,Very Unhealthy,177,UG/M3,1 Hr,Valid
Hanoi,PM2.5 - Principal,12/6/2021,2021,12,6,9,153.4,204,Very Unhealthy,138,UG/M3,1 Hr,Valid
Hanoi,PM2.5 - Principal,12/6/2021,2021,12,6,10,138.4,194,Unhealthy,113,UG/M3,1 Hr,Valid
Hanoi,PM2.5 - Principal,12/6/2021,2021,12,6,11,104.9,177,Unhealthy,78,UG/M3,1 Hr,Valid
Hanoi,PM2.5 - Principal,12/6/2021,2021,12,6,12,104.8,176,Unhealthy,-999,UG/M3,1 Hr,Missing
Hanoi,PM2.5 - Principal,12/6/2021,2021,12,6,14,-999,-999,N/A,33,UG/M3,1 Hr,Valid
Hanoi,PM2.5 - Principal,12/6/2021,2021,12,6,15,36.6,104,Unhealthy for Sensitive Groups,30,UG/M3,1 Hr,Valid
Hanoi,PM2.5 - Principal,12/6/2021,2021,12,6,16,36.2,103,Unhealthy for Sensitive Groups,36,UG/M3,1 Hr,Valid
Hanoi,PM2.5 - Principal,12/6/2021,2021,12,6,17,40.8,114,Unhealthy for Sensitive Groups,45,UG/M3,1 Hr,Valid
Hanoi,PM2.5 - Principal,12/6/2021,2021,12,6,18,50.6,138,Unhealthy for Sensitive Groups,60,UG/M3,1 Hr,Valid
Hanoi,PM2.5 - Principal,12/6/2021,2021,12,6,19,68,157,Unhealthy,85,UG/M3,1 Hr,Valid
Hanoi,PM2.5 - Principal,12/6/2021,2021,12,6,20,96.6,172,Unhealthy,125,UG/M3,1 Hr,Valid
Hanoi,PM2.5 - Principal,12/6/2021,2021,12,6,21,90.8,169,Unhealthy,85,UG/M3,1 Hr,Valid
Hanoi,PM2.5 - Principal,12/6/2021,2021,12,6,22,84.3,166,Unhealthy,78,UG/M3,1 Hr,Valid
Hanoi,PM2.5 - Principal,12/6/2021,2021,12,6,23,89.2,168,Unhealthy,94,UG/M3,1 Hr,Valid
Hanoi,PM2.5 - Principal,12/7/2021,2021,12,7,0,80,164,Unhealthy,71,UG/M3,1 Hr,Valid
Hanoi,PM2.5 - Principal,12/7/2021,2021,12,7,1,81,164,Unhealthy,82,UG/M3,1 Hr,Valid
Hanoi,PM2.5 - Principal,12/7/2021,2021,12,7,2,83.5,165,Unhealthy,86,UG/M3,1 Hr,Valid
Hanoi,PM2.5 - Principal,12/7/2021,2021,12,7,3,87.2,167,Unhealthy,91,UG/M3,1 Hr,Valid
Hanoi,PM2.5 - Principal,12/7/2021,2021,12,7,4,161.6,212,Very Unhealthy,236,UG/M3,1 Hr,Valid
Hanoi,PM2.5 - Principal,12/7/2021,2021,12,7,5,180.3,231,Very Unhealthy,199,UG/M3,1 Hr,Valid
Hanoi,PM2.5 - Principal,12/7/2021,2021,12,7,6,180.6,231,Very Unhealthy,181,UG/M3,1 Hr,Valid
Hanoi,PM2.5 - Principal,12/7/2021,2021,12,7,7,174.3,225,Very Unhealthy,168,UG/M3,1 Hr,Valid
Hanoi,PM2.5 - Principal,12/7/2021,2021,12,7,8,158.6,209,Very Unhealthy,143,UG/M3,1 Hr,Valid
Hanoi,PM2.5 - Principal,12/7/2021,2021,12,7,9,132.3,191,Unhealthy,106,UG/M3,1 Hr,Valid
Hanoi,PM2.5 - Principal,12/7/2021,2021,12,7,10,113.1,181,Unhealthy,94,UG/M3,1 Hr,Valid
Hanoi,PM2.5 - Principal,12/7/2021,2021,12,7,11,98,173,Unhealthy,83,UG/M3,1 Hr,Valid
Hanoi,PM2.5 - Principal,12/7/2021,2021,12,7,12,83,165,Unhealthy,68,UG/M3,1 Hr,Valid
Hanoi,PM2.5 - Principal,12/7/2021,2021,12,7,13,76,162,Unhealthy,69,UG/M3,1 Hr,Valid
Hanoi,PM2.5 - Principal,12/7/2021,2021,12,7,14,70,158,Unhealthy,64,UG/M3,1 Hr,Valid
Hanoi,PM2.5 - Principal,12/7/2021,2021,12,7,15,61.9,154,Unhealthy,54,UG/M3,1 Hr,Valid
Hanoi,PM2.5 - Principal,12/7/2021,2021,12,7,16,57.4,152,Unhealthy,53,UG/M3,1 Hr,Valid
Hanoi,PM2.5 - Principal,12/7/2021,2021,12,7,17,56.7,152,Unhealthy,56,UG/M3,1 Hr,Valid
Hanoi,PM2.5 - Principal,12/7/2021,2021,12,7,18,64.3,156,Unhealthy,72,UG/M3,1 Hr,Valid
Hanoi,PM2.5 - Principal,12/7/2021,2021,12,7,19,73.1,160,Unhealthy,82,UG/M3,1 Hr,Valid
Hanoi,PM2.5 - Principal,12/7/2021,2021,12,7,20,77,162,Unhealthy,81,UG/M3,1 Hr,Valid
Hanoi,PM2.5 - Principal,12/7/2021,2021,12,7,21,75.4,161,Unhealthy,75,UG/M3,1 Hr,Valid
Hanoi,PM2.5 - Principal,12/7/2021,2021,12,7,22,70.6,159,Unhealthy,64,UG/M3,1 Hr,Valid
Hanoi,PM2.5 - Principal,12/7/2021,2021,12,7,23,73.2,160,Unhealthy,78,UG/M3,1 Hr,Valid
Hanoi,PM2.5 - Principal,12/8/2021,2021,12,8,0,72,160,Unhealthy,70,UG/M3,1 Hr,Valid
Hanoi,PM2.5 - Principal,12/8/2021,2021,12,8,1,73.1,160,Unhealthy,75,UG/M3,1 Hr,Valid
Hanoi,PM2.5 - Principal,12/8/2021,2021,12,8,2,81.2,164,Unhealthy,92,UG/M3,1 Hr,Valid
Hanoi,PM2.5 - Principal,12/8/2021,2021,12,8,3,83.7,166,Unhealthy,87,UG/M3,1 Hr,Valid
Hanoi,PM2.5 - Principal,12/8/2021,2021,12,8,4,114.4,181,Unhealthy,144,UG/M3,1 Hr,Valid
Hanoi,PM2.5 - Principal,12/8/2021,2021,12,8,5,223.7,274,Very Unhealthy,333,UG/M3,1 Hr,Valid
Hanoi,PM2.5 - Principal,12/8/2021,2021,12,8,6,200.8,251,Very Unhealthy,178,UG/M3,1 Hr,Valid
Hanoi,PM2.5 - Principal,12/8/2021,2021,12,8,7,169.4,220,Very Unhealthy,138,UG/M3,1 Hr,Valid
Hanoi,PM2.5 - Principal,12/8/2021,2021,12,8,8,148.2,199,Unhealthy,127,UG/M3,1 Hr,Valid
Hanoi,PM2.5 - Principal,12/8/2021,2021,12,8,9,132.6,191,Unhealthy,117,UG/M3,1 Hr,Valid
Hanoi,PM2.5 - Principal,12/8/2021,2021,12,8,10,128.3,189,Unhealthy,124,UG/M3,1 Hr,Valid
Hanoi,PM2.5 - Principal,12/8/2021,2021,12,8,11,107.1,178,Unhealthy,86,UG/M3,1 Hr,Valid
Hanoi,PM2.5 - Principal,12/8/2021,2021,12,8,12,96,172,Unhealthy,85,UG/M3,1 Hr,Valid
Hanoi,PM2.5 - Principal,12/8/2021,2021,12,8,13,86.5,167,Unhealthy,77,UG/M3,1 Hr,Valid
Hanoi,PM2.5 - Principal,12/8/2021,2021,12,8,14,76.2,162,Unhealthy,66,UG/M3,1 Hr,Valid
Hanoi,PM2.5 - Principal,12/8/2021,2021,12,8,15,66.6,157,Unhealthy,57,UG/M3,1 Hr,Valid
Hanoi,PM2.5 - Principal,12/8/2021,2021,12,8,16,62.8,155,Unhealthy,59,UG/M3,1 Hr,Valid
Hanoi,PM2.5 - Principal,12/8/2021,2021,12,8,17,65.3,156,Unhealthy,68,UG/M3,1 Hr,Valid
Hanoi,PM2.5 - Principal,12/8/2021,2021,12,8,18,73.6,160,Unhealthy,82,UG/M3,1 Hr,Valid
Hanoi,PM2.5 - Principal,12/8/2021,2021,12,8,19,84.3,166,Unhealthy,95,UG/M3,1 Hr,Valid
Hanoi,PM2.5 - Principal,12/8/2021,2021,12,8,20,110.6,179,Unhealthy,137,UG/M3,1 Hr,Valid
Hanoi,PM2.5 - Principal,12/8/2021,2021,12,8,21,128.8,189,Unhealthy,147,UG/M3,1 Hr,Valid
Hanoi,PM2.5 - Principal,12/8/2021,2021,12,8,22,127.9,188,Unhealthy,127,UG/M3,1 Hr,Valid
Hanoi,PM2.5 - Principal,12/8/2021,2021,12,8,23,114.9,182,Unhealthy,102,UG/M3,1 Hr,Valid
Hanoi,PM2.5 - Principal,12/9/2021,2021,12,9,0,113.4,181,Unhealthy,112,UG/M3,1 Hr,Valid
Hanoi,PM2.5 - Principal,12/9/2021,2021,12,9,1,98.2,173,Unhealthy,83,UG/M3,1 Hr,Valid
Hanoi,PM2.5 - Principal,12/9/2021,2021,12,9,2,99.6,174,Unhealthy,101,UG/M3,1 Hr,Valid
Hanoi,PM2.5 - Principal,12/9/2021,2021,12,9,3,110.8,180,Unhealthy,122,UG/M3,1 Hr,Valid
Hanoi,PM2.5 - Principal,12/9/2021,2021,12,9,4,92.9,170,Unhealthy,75,UG/M3,1 Hr,Valid
Hanoi,PM2.5 - Principal,12/9/2021,2021,12,9,5,79.9,164,Unhealthy,67,UG/M3,1 Hr,Valid
Hanoi,PM2.5 - Principal,12/9/2021,2021,12,9,6,72.9,160,Unhealthy,66,UG/M3,1 Hr,Valid
Hanoi,PM2.5 - Principal,12/9/2021,2021,12,9,7,68.9,158,Unhealthy,65,UG/M3,1 Hr,Valid
Hanoi,PM2.5 - Principal,12/9/2021,2021,12,9,8,70.4,159,Unhealthy,72,UG/M3,1 Hr,Valid
Hanoi,PM2.5 - Principal,12/9/2021,2021,12,9,9,69.8,158,Unhealthy,69,UG/M3,1 Hr,Valid
Hanoi,PM2.5 - Principal,12/9/2021,2021,12,9,10,81.1,164,Unhealthy,94,UG/M3,1 Hr,Valid
Hanoi,PM2.5 - Principal,12/9/2021,2021,12,9,11,81,164,Unhealthy,81,UG/M3,1 Hr,Valid
Hanoi,PM2.5 - Principal,12/9/2021,2021,12,9,12,88,168,Unhealthy,96,UG/M3,1 Hr,Valid
Hanoi,PM2.5 - Principal,12/9/2021,2021,12,9,13,92.2,170,Unhealthy,97,UG/M3,1 Hr,Valid
Hanoi,PM2.5 - Principal,12/9/2021,2021,12,9,14,91.6,170,Unhealthy,91,UG/M3,1 Hr,Valid
Hanoi,PM2.5 - Principal,12/9/2021,2021,12,9,15,89.6,169,Unhealthy,90,UG/M3,1 Hr,Valid
Hanoi,PM2.5 - Principal,12/9/2021,2021,12,9,16,89.5,169,Unhealthy,89,UG/M3,1 Hr,Valid
Hanoi,PM2.5 - Principal,12/9/2021,2021,12,9,17,96.6,172,Unhealthy,107,UG/M3,1 Hr,Valid
Hanoi,PM2.5 - Principal,12/9/2021,2021,12,9,18,103.4,176,Unhealthy,112,UG/M3,1 Hr,Valid
Hanoi,PM2.5 - Principal,12/9/2021,2021,12,9,19,112.8,181,Unhealthy,124,UG/M3,1 Hr,Valid
Hanoi,PM2.5 - Principal,12/9/2021,2021,12,9,20,121.3,185,Unhealthy,130,UG/M3,1 Hr,Valid
Hanoi,PM2.5 - Principal,12/9/2021,2021,12,9,21,125.3,187,Unhealthy,135,UG/M3,1 Hr,Valid
Hanoi,PM2.5 - Principal,12/9/2021,2021,12,9,22,132,190,Unhealthy,140,UG/M3,1 Hr,Valid
Hanoi,PM2.5 - Principal,12/9/2021,2021,12,9,23,134.7,192,Unhealthy,142,UG/M3,1 Hr,Valid
Hanoi,PM2.5 - Principal,12/10/2021,2021,12,10,0,140,195,Unhealthy,147,UG/M3,1 Hr,Valid
Hanoi,PM2.5 - Principal,12/10/2021,2021,12,10,1,148,199,Unhealthy,157,UG/M3,1 Hr,Valid
Hanoi,PM2.5 - Principal,12/10/2021,2021,12,10,2,145.4,197,Unhealthy,142,UG/M3,1 Hr,Valid
Hanoi,PM2.5 - Principal,12/10/2021,2021,12,10,3,115.3,182,Unhealthy,82,UG/M3,1 Hr,Valid
Hanoi,PM2.5 - Principal,12/10/2021,2021,12,10,4,104.6,176,Unhealthy,93,UG/M3,1 Hr,Valid
Hanoi,PM2.5 - Principal,12/10/2021,2021,12,10,5,100.9,174,Unhealthy,97,UG/M3,1 Hr,Valid
Hanoi,PM2.5 - Principal,12/10/2021,2021,12,10,6,92.3,170,Unhealthy,83,UG/M3,1 Hr,Valid
Hanoi,PM2.5 - Principal,12/10/2021,2021,12,10,7,97.9,173,Unhealthy,104,UG/M3,1 Hr,Valid
Hanoi,PM2.5 - Principal,12/10/2021,2021,12,10,8,113.7,181,Unhealthy,131,UG/M3,1 Hr,Valid
Hanoi,PM2.5 - Principal,12/10/2021,2021,12,10,9,104.7,176,Unhealthy,95,UG/M3,1 Hr,Valid
Hanoi,PM2.5 - Principal,12/10/2021,2021,12,10,10,99.1,174,Unhealthy,93,UG/M3,1 Hr,Valid
Hanoi,PM2.5 - Principal,12/10/2021,2021,12,10,11,101.4,175,Unhealthy,104,UG/M3,1 Hr,Valid
Hanoi,PM2.5 - Principal,12/10/2021,2021,12,10,12,100.2,174,Unhealthy,99,UG/M3,1 Hr,Valid
Hanoi,PM2.5 - Principal,12/10/2021,2021,12,10,13,97.2,173,Unhealthy,93,UG/M3,1 Hr,Valid
Hanoi,PM2.5 - Principal,12/10/2021,2021,12,10,14,92.8,170,Unhealthy,85,UG/M3,1 Hr,Valid
Hanoi,PM2.5 - Principal,12/10/2021,2021,12,10,15,87.7,168,Unhealthy,80,UG/M3,1 Hr,Valid
Hanoi,PM2.5 - Principal,12/10/2021,2021,12,10,16,86.6,167,Unhealthy,85,UG/M3,1 Hr,Valid
Hanoi,PM2.5 - Principal,12/10/2021,2021,12,10,17,81.8,165,Unhealthy,76,UG/M3,1 Hr,Valid
Hanoi,PM2.5 - Principal,12/10/2021,2021,12,10,18,66.2,157,Unhealthy,52,UG/M3,1 Hr,Valid
Hanoi,PM2.5 - Principal,12/10/2021,2021,12,10,19,60.6,154,Unhealthy,55,UG/M3,1 Hr,Valid
Hanoi,PM2.5 - Principal,12/10/2021,2021,12,10,20,62.3,155,Unhealthy,64,UG/M3,1 Hr,Valid
Hanoi,PM2.5 - Principal,12/10/2021,2021,12,10,21,63.6,155,Unhealthy,65,UG/M3,1 Hr,Valid
Hanoi,PM2.5 - Principal,12/10/2021,2021,12,10,22,64.3,156,Unhealthy,65,UG/M3,1 Hr,Valid
Hanoi,PM2.5 - Principal,12/10/2021,2021,12,10,23,65.1,156,Unhealthy,66,UG/M3,1 Hr,Valid
Hanoi,PM2.5 - Principal,12/11/2021,2021,12,11,0,62.3,155,Unhealthy,59,UG/M3,1 Hr,Valid
Hanoi,PM2.5 - Principal,12/11/2021,2021,12,11,1,63.9,155,Unhealthy,66,UG/M3,1 Hr,Valid
Hanoi,PM2.5 - Principal,12/11/2021,2021,12,11,2,66.2,157,Unhealthy,70,UG/M3,1 Hr,Valid
Hanoi,PM2.5 - Principal,12/11/2021,2021,12,11,3,65.7,156,Unhealthy,65,UG/M3,1 Hr,Valid
Hanoi,PM2.5 - Principal,12/11/2021,2021,12,11,4,66.5,157,Unhealthy,69,UG/M3,1 Hr,Valid
Hanoi,PM2.5 - Principal,12/11/2021,2021,12,11,5,65.5,156,Unhealthy,64,UG/M3,1 Hr,Valid
Hanoi,PM2.5 - Principal,12/11/2021,2021,12,11,6,66.3,157,Unhealthy,69,UG/M3,1 Hr,Valid
Hanoi,PM2.5 - Principal,12/11/2021,2021,12,11,7,71.5,159,Unhealthy,83,UG/M3,1 Hr,Valid
Hanoi,PM2.5 - Principal,12/11/2021,2021,12,11,8,78,163,Unhealthy,89,UG/M3,1 Hr,Valid
Hanoi,PM2.5 - Principal,12/11/2021,2021,12,11,9,78.7,163,Unhealthy,80,UG/M3,1 Hr,Valid
Hanoi,PM2.5 - Principal,12/11/2021,2021,12,11,10,74.7,161,Unhealthy,67,UG/M3,1 Hr,Valid
Hanoi,PM2.5 - Principal,12/11/2021,2021,12,11,11,71.4,159,Unhealthy,65,UG/M3,1 Hr,Valid
Hanoi,PM2.5 - Principal,12/11/2021,2021,12,11,12,64.9,156,Unhealthy,55,UG/M3,1 Hr,Valid
Hanoi,PM2.5 - Principal,12/11/2021,2021,12,11,13,64.1,155,Unhealthy,63,UG/M3,1 Hr,Valid
Hanoi,PM2.5 - Principal,12/11/2021,2021,12,11,14,54.6,148,Unhealthy for Sensitive Groups,46,UG/M3,1 Hr,Valid
Hanoi,PM2.5 - Principal,12/11/2021,2021,12,11,15,51.4,140,Unhealthy for Sensitive Groups,48,UG/M3,1 Hr,Valid
Hanoi,PM2.5 - Principal,12/11/2021,2021,12,11,16,49.7,136,Unhealthy for Sensitive Groups,48,UG/M3,1 Hr,Valid
Hanoi,PM2.5 - Principal,12/11/2021,2021,12,11,17,51.8,141,Unhealthy for Sensitive Groups,54,UG/M3,1 Hr,Valid
Hanoi,PM2.5 - Principal,12/11/2021,2021,12,11,18,58.1,152,Unhealthy,65,UG/M3,1 Hr,Valid
Hanoi,PM2.5 - Principal,12/11/2021,2021,12,11,19,74.4,161,Unhealthy,91,UG/M3,1 Hr,Valid
Hanoi,PM2.5 - Principal,12/11/2021,2021,12,11,20,100.8,174,Unhealthy,127,UG/M3,1 Hr,Valid
Hanoi,PM2.5 - Principal,12/11/2021,2021,12,11,21,83.4,165,Unhealthy,66,UG/M3,1 Hr,Valid
Hanoi,PM2.5 - Principal,12/11/2021,2021,12,11,22,70.7,159,Unhealthy,58,UG/M3,1 Hr,Valid
Hanoi,PM2.5 - Principal,12/11/2021,2021,12,11,23,62.8,155,Unhealthy,55,UG/M3,1 Hr,Valid
Hanoi,PM2.5 - Principal,12/12/2021,2021,12,12,0,63.9,155,Unhealthy,65,UG/M3,1 Hr,Valid
Hanoi,PM2.5 - Principal,12/12/2021,2021,12,12,1,62.9,155,Unhealthy,62,UG/M3,1 Hr,Valid
Hanoi,PM2.5 - Principal,12/12/2021,2021,12,12,2,56.4,151,Unhealthy,50,UG/M3,1 Hr,Valid
Hanoi,PM2.5 - Principal,12/12/2021,2021,12,12,3,57.7,152,Unhealthy,59,UG/M3,1 Hr,Valid
Hanoi,PM2.5 - Principal,12/12/2021,2021,12,12,4,67.8,157,Unhealthy,78,UG/M3,1 Hr,Valid
Hanoi,PM2.5 - Principal,12/12/2021,2021,12,12,5,75.4,161,Unhealthy,83,UG/M3,1 Hr,Valid
Hanoi,PM2.5 - Principal,12/12/2021,2021,12,12,6,77.2,162,Unhealthy,79,UG/M3,1 Hr,Valid
Hanoi,PM2.5 - Principal,12/12/2021,2021,12,12,7,72.1,160,Unhealthy,67,UG/M3,1 Hr,Valid
Hanoi,PM2.5 - Principal,12/12/2021,2021,12,12,8,84.7,166,Unhealthy,98,UG/M3,1 Hr,Valid
Hanoi,PM2.5 - Principal,12/12/2021,2021,12,12,9,149,199,Unhealthy,213,UG/M3,1 Hr,Valid
Hanoi,PM2.5 - Principal,12/12/2021,2021,12,12,10,164.5,215,Very Unhealthy,180,UG/M3,1 Hr,Valid
Hanoi,PM2.5 - Principal,12/12/2021,2021,12,12,11,127.7,188,Unhealthy,91,UG/M3,1 Hr,Valid
Hanoi,PM2.5 - Principal,12/12/2021,2021,12,12,12,115.8,182,Unhealthy,104,UG/M3,1 Hr,Valid
Hanoi,PM2.5 - Principal,12/12/2021,2021,12,12,13,104.4,176,Unhealthy,93,UG/M3,1 Hr,Valid
Hanoi,PM2.5 - Principal,12/12/2021,2021,12,12,14,88.7,168,Unhealthy,73,UG/M3,1 Hr,Valid
Hanoi,PM2.5 - Principal,12/12/2021,2021,12,12,15,71.3,159,Unhealthy,54,UG/M3,1 Hr,Valid
Hanoi,PM2.5 - Principal,12/12/2021,2021,12,12,16,64.1,155,Unhealthy,57,UG/M3,1 Hr,Valid
Hanoi,PM2.5 - Principal,12/12/2021,2021,12,12,17,69,158,Unhealthy,74,UG/M3,1 Hr,Valid
Hanoi,PM2.5 - Principal,12/12/2021,2021,12,12,18,85.5,166,Unhealthy,102,UG/M3,1 Hr,Valid
Hanoi,PM2.5 - Principal,12/12/2021,2021,12,12,19,88.7,168,Unhealthy,92,UG/M3,1 Hr,Valid
Hanoi,PM2.5 - Principal,12/12/2021,2021,12,12,20,62.3,155,Unhealthy,36,UG/M3,1 Hr,Valid
Hanoi,PM2.5 - Principal,12/12/2021,2021,12,12,21,41.1,115,Unhealthy for Sensitive Groups,20,UG/M3,1 Hr,Valid
Hanoi,PM2.5 - Principal,12/12/2021,2021,12,12,22,29,87,Moderate,17,UG/M3,1 Hr,Valid
Hanoi,PM2.5 - Principal,12/12/2021,2021,12,12,23,21.5,71,Moderate,14,UG/M3,1 Hr,Valid
Hanoi,PM2.5 - Principal,12/13/2021,2021,12,13,0,17.7,63,Moderate,14,UG/M3,1 Hr,Valid
Hanoi,PM2.5 - Principal,12/13/2021,2021,12,13,1,12.8,52,Moderate,8,UG/M3,1 Hr,Valid
Hanoi,PM2.5 - Principal,12/13/2021,2021,12,13,2,9.9,41,Good,7,UG/M3,1 Hr,Valid
Hanoi,PM2.5 - Principal,12/13/2021,2021,12,13,3,11.9,50,Good,14,UG/M3,1 Hr,Valid
Hanoi,PM2.5 - Principal,12/13/2021,2021,12,13,4,19.4,66,Moderate,27,UG/M3,1 Hr,Valid
Hanoi,PM2.5 - Principal,12/13/2021,2021,12,13,5,22.7,73,Moderate,26,UG/M3,1 Hr,Valid
Hanoi,PM2.5 - Principal,12/13/2021,2021,12,13,6,20.8,69,Moderate,19,UG/M3,1 Hr,Valid
Hanoi,PM2.5 - Principal,12/13/2021,2021,12,13,7,24.4,77,Moderate,28,UG/M3,1 Hr,Valid
Hanoi,PM2.5 - Principal,12/13/2021,2021,12,13,8,21.7,71,Moderate,19,UG/M3,1 Hr,Valid
Hanoi,PM2.5 - Principal,12/13/2021,2021,12,13,9,21.3,70,Moderate,21,UG/M3,1 Hr,Valid
Hanoi,PM2.5 - Principal,12/13/2021,2021,12,13,10,21.6,71,Moderate,22,UG/M3,1 Hr,Valid
Hanoi,PM2.5 - Principal,12/13/2021,2021,12,13,11,23.3,75,Moderate,25,UG/M3,1 Hr,Valid
Hanoi,PM2.5 - Principal,12/13/2021,2021,12,13,12,23.3,75,Moderate,-999,UG/M3,1 Hr,Missing
Hanoi,PM2.5 - Principal,12/13/2021,2021,12,13,15,-999,-999,N/A,16,UG/M3,1 Hr,Valid
Hanoi,PM2.5 - Principal,12/13/2021,2021,12,13,16,22.4,73,Moderate,26,UG/M3,1 Hr,Valid
Hanoi,PM2.5 - Principal,12/13/2021,2021,12,13,17,30.1,89,Moderate,36,UG/M3,1 Hr,Valid
Hanoi,PM2.5 - Principal,12/13/2021,2021,12,13,18,50.7,138,Unhealthy for Sensitive Groups,69,UG/M3,1 Hr,Valid
Hanoi,PM2.5 - Principal,12/13/2021,2021,12,13,19,55.4,150,Unhealthy for Sensitive Groups,60,UG/M3,1 Hr,Valid
Hanoi,PM2.5 - Principal,12/13/2021,2021,12,13,20,56.7,152,Unhealthy,58,UG/M3,1 Hr,Valid
Hanoi,PM2.5 - Principal,12/13/2021,2021,12,13,21,54.3,147,Unhealthy for Sensitive Groups,52,UG/M3,1 Hr,Valid
Hanoi,PM2.5 - Principal,12/13/2021,2021,12,13,22,53.1,144,Unhealthy for Sensitive Groups,52,UG/M3,1 Hr,Valid
Hanoi,PM2.5 - Principal,12/13/2021,2021,12,13,23,53.5,145,Unhealthy for Sensitive Groups,54,UG/M3,1 Hr,Valid
Hanoi,PM2.5 - Principal,12/14/2021,2021,12,14,0,56.8,152,Unhealthy,60,UG/M3,1 Hr,Valid
Hanoi,PM2.5 - Principal,12/14/2021,2021,12,14,1,63.4,155,Unhealthy,70,UG/M3,1 Hr,Valid
Hanoi,PM2.5 - Principal,12/14/2021,2021,12,14,2,67.2,157,Unhealthy,71,UG/M3,1 Hr,Valid
Hanoi,PM2.5 - Principal,12/14/2021,2021,12,14,3,83.6,166,Unhealthy,100,UG/M3,1 Hr,Valid
Hanoi,PM2.5 - Principal,12/14/2021,2021,12,14,4,90.8,169,Unhealthy,98,UG/M3,1 Hr,Valid
Hanoi,PM2.5 - Principal,12/14/2021,2021,12,14,5,86.2,167,Unhealthy,82,UG/M3,1 Hr,Valid
Hanoi,PM2.5 - Principal,12/14/2021,2021,12,14,6,77.4,162,Unhealthy,68,UG/M3,1 Hr,Valid
Hanoi,PM2.5 - Principal,12/14/2021,2021,12,14,7,81.5,164,Unhealthy,86,UG/M3,1 Hr,Valid
Hanoi,PM2.5 - Principal,12/14/2021,2021,12,14,8,76,162,Unhealthy,70,UG/M3,1 Hr,Valid
Hanoi,PM2.5 - Principal,12/14/2021,2021,12,14,9,65.9,156,Unhealthy,55,UG/M3,1 Hr,Valid
Hanoi,PM2.5 - Principal,12/14/2021,2021,12,14,10,65.7,156,Unhealthy,65,UG/M3,1 Hr,Valid
Hanoi,PM2.5 - Principal,12/14/2021,2021,12,14,11,69.5,158,Unhealthy,74,UG/M3,1 Hr,Valid
Hanoi,PM2.5 - Principal,12/14/2021,2021,12,14,12,73.3,160,Unhealthy,78,UG/M3,1 Hr,Valid
Hanoi,PM2.5 - Principal,12/14/2021,2021,12,14,13,78.6,163,Unhealthy,85,UG/M3,1 Hr,Valid
Hanoi,PM2.5 - Principal,12/14/2021,2021,12,14,14,76,162,Unhealthy,73,UG/M3,1 Hr,Valid
Hanoi,PM2.5 - Principal,12/14/2021,2021,12,14,15,75.5,161,Unhealthy,75,UG/M3,1 Hr,Valid
Hanoi,PM2.5 - Principal,12/14/2021,2021,12,14,16,74.8,161,Unhealthy,74,UG/M3,1 Hr,Valid
Hanoi,PM2.5 - Principal,12/14/2021,2021,12,14,17,71.2,159,Unhealthy,65,UG/M3,1 Hr,Valid
Hanoi,PM2.5 - Principal,12/14/2021,2021,12,14,18,75.1,161,Unhealthy,82,UG/M3,1 Hr,Valid
Hanoi,PM2.5 - Principal,12/14/2021,2021,12,14,19,81.5,164,Unhealthy,91,UG/M3,1 Hr,Valid
Hanoi,PM2.5 - Principal,12/14/2021,2021,12,14,20,89.8,169,Unhealthy,99,UG/M3,1 Hr,Valid
Hanoi,PM2.5 - Principal,12/14/2021,2021,12,14,21,86,167,Unhealthy,84,UG/M3,1 Hr,Valid
Hanoi,PM2.5 - Principal,12/14/2021,2021,12,14,22,85.7,167,Unhealthy,85,UG/M3,1 Hr,Valid
Hanoi,PM2.5 - Principal,12/14/2021,2021,12,14,23,85.4,166,Unhealthy,85,UG/M3,1 Hr,Valid
Hanoi,PM2.5 - Principal,12/15/2021,2021,12,15,0,86,167,Unhealthy,87,UG/M3,1 Hr,Valid
Hanoi,PM2.5 - Principal,12/15/2021,2021,12,15,1,90.5,169,Unhealthy,99,UG/M3,1 Hr,Valid
Hanoi,PM2.5 - Principal,12/15/2021,2021,12,15,2,86.5,167,Unhealthy,79,UG/M3,1 Hr,Valid
Hanoi,PM2.5 - Principal,12/15/2021,2021,12,15,3,94,171,Unhealthy,106,UG/M3,1 Hr,Valid
Hanoi,PM2.5 - Principal,12/15/2021,2021,12,15,4,99.7,174,Unhealthy,108,UG/M3,1 Hr,Valid
Hanoi,PM2.5 - Principal,12/15/2021,2021,12,15,5,123.7,186,Unhealthy,149,UG/M3,1 Hr,Valid
Hanoi,PM2.5 - Principal,12/15/2021,2021,12,15,6,142.7,196,Unhealthy,160,UG/M3,1 Hr,Valid
Hanoi,PM2.5 - Principal,12/15/2021,2021,12,15,7,134.3,192,Unhealthy,126,UG/M3,1 Hr,Valid
Hanoi,PM2.5 - Principal,12/15/2021,2021,12,15,8,119.6,184,Unhealthy,105,UG/M3,1 Hr,Valid
Hanoi,PM2.5 - Principal,12/15/2021,2021,12,15,9,121.8,185,Unhealthy,124,UG/M3,1 Hr,Valid
Hanoi,PM2.5 - Principal,12/15/2021,2021,12,15,10,107.4,178,Unhealthy,93,UG/M3,1 Hr,Valid
Hanoi,PM2.5 - Principal,12/15/2021,2021,12,15,11,110.2,179,Unhealthy,113,UG/M3,1 Hr,Valid
Hanoi,PM2.5 - Principal,12/15/2021,2021,12,15,12,99.6,174,Unhealthy,89,UG/M3,1 Hr,Valid
Hanoi,PM2.5 - Principal,12/15/2021,2021,12,15,13,130.8,190,Unhealthy,162,UG/M3,1 Hr,Valid
Hanoi,PM2.5 - Principal,12/15/2021,2021,12,15,14,140.4,195,Unhealthy,155,UG/M3,1 Hr,Valid
Hanoi,PM2.5 - Principal,12/15/2021,2021,12,15,15,140.7,195,Unhealthy,141,UG/M3,1 Hr,Valid
Hanoi,PM2.5 - Principal,12/15/2021,2021,12,15,16,143.1,196,Unhealthy,146,UG/M3,1 Hr,Valid
Hanoi,PM2.5 - Principal,12/15/2021,2021,12,15,17,144.8,197,Unhealthy,147,UG/M3,1 Hr,Valid
Hanoi,PM2.5 - Principal,12/15/2021,2021,12,15,18,149.4,199,Unhealthy,155,UG/M3,1 Hr,Valid
Hanoi,PM2.5 - Principal,12/15/2021,2021,12,15,19,158.3,209,Very Unhealthy,168,UG/M3,1 Hr,Valid
Hanoi,PM2.5 - Principal,12/15/2021,2021,12,15,20,193.5,244,Very Unhealthy,228,UG/M3,1 Hr,Valid
Hanoi,PM2.5 - Principal,12/15/2021,2021,12,15,21,192.7,243,Very Unhealthy,192,UG/M3,1 Hr,Valid
Hanoi,PM2.5 - Principal,12/15/2021,2021,12,15,22,186.9,237,Very Unhealthy,181,UG/M3,1 Hr,Valid
Hanoi,PM2.5 - Principal,12/15/2021,2021,12,15,23,170.4,221,Very Unhealthy,154,UG/M3,1 Hr,Valid
Hanoi,PM2.5 - Principal,12/16/2021,2021,12,16,0,138.7,194,Unhealthy,107,UG/M3,1 Hr,Valid
Hanoi,PM2.5 - Principal,12/16/2021,2021,12,16,1,89.8,169,Unhealthy,41,UG/M3,1 Hr,Valid
Hanoi,PM2.5 - Principal,12/16/2021,2021,12,16,2,68.9,158,Unhealthy,48,UG/M3,1 Hr,Valid
Hanoi,PM2.5 - Principal,12/16/2021,2021,12,16,3,58.4,152,Unhealthy,48,UG/M3,1 Hr,Valid
Hanoi,PM2.5 - Principal,12/16/2021,2021,12,16,4,58.7,153,Unhealthy,59,UG/M3,1 Hr,Valid
Hanoi,PM2.5 - Principal,12/16/2021,2021,12,16,5,56.8,152,Unhealthy,55,UG/M3,1 Hr,Valid
Hanoi,PM2.5 - Principal,12/16/2021,2021,12,16,6,56.4,151,Unhealthy,56,UG/M3,1 Hr,Valid
Hanoi,PM2.5 - Principal,12/16/2021,2021,12,16,7,59.1,153,Unhealthy,62,UG/M3,1 Hr,Valid
Hanoi,PM2.5 - Principal,12/16/2021,2021,12,16,8,86,167,Unhealthy,113,UG/M3,1 Hr,Valid
Hanoi,PM2.5 - Principal,12/16/2021,2021,12,16,9,96,172,Unhealthy,106,UG/M3,1 Hr,Valid
Hanoi,PM2.5 - Principal,12/16/2021,2021,12,16,10,89.5,169,Unhealthy,83,UG/M3,1 Hr,Valid
Hanoi,PM2.5 - Principal,12/16/2021,2021,12,16,11,89.2,168,Unhealthy,89,UG/M3,1 Hr,Valid
Hanoi,PM2.5 - Principal,12/16/2021,2021,12,16,12,103.1,176,Unhealthy,117,UG/M3,1 Hr,Valid
Hanoi,PM2.5 - Principal,12/16/2021,2021,12,16,13,115,182,Unhealthy,127,UG/M3,1 Hr,Valid
Hanoi,PM2.5 - Principal,12/16/2021,2021,12,16,14,112.5,180,Unhealthy,110,UG/M3,1 Hr,Valid
Hanoi,PM2.5 - Principal,12/16/2021,2021,12,16,15,103.7,176,Unhealthy,95,UG/M3,1 Hr,Valid
Hanoi,PM2.5 - Principal,12/16/2021,2021,12,16,16,92.8,170,Unhealthy,82,UG/M3,1 Hr,Valid
Hanoi,PM2.5 - Principal,12/16/2021,2021,12,16,17,91.4,170,Unhealthy,90,UG/M3,1 Hr,Valid
Hanoi,PM2.5 - Principal,12/16/2021,2021,12,16,18,101.2,175,Unhealthy,111,UG/M3,1 Hr,Valid
Hanoi,PM2.5 - Principal,12/16/2021,2021,12,16,19,119.9,184,Unhealthy,145,UG/M3,1 Hr,Valid
Hanoi,PM2.5 - Principal,12/16/2021,2021,12,16,20,136,193,Unhealthy,153,UG/M3,1 Hr,Valid
Hanoi,PM2.5 - Principal,12/16/2021,2021,12,16,21,155,205,Very Unhealthy,172,UG/M3,1 Hr,Valid
Hanoi,PM2.5 - Principal,12/16/2021,2021,12,16,22,154,204,Very Unhealthy,153,UG/M3,1 Hr,Valid
Hanoi,PM2.5 - Principal,12/16/2021,2021,12,16,23,127,188,Unhealthy,100,UG/M3,1 Hr,Valid
Hanoi,PM2.5 - Principal,12/17/2021,2021,12,17,0,102,175,Unhealthy,77,UG/M3,1 Hr,Valid
Hanoi,PM2.5 - Principal,12/17/2021,2021,12,17,1,101.4,175,Unhealthy,101,UG/M3,1 Hr,Valid
Hanoi,PM2.5 - Principal,12/17/2021,2021,12,17,2,127.7,188,Unhealthy,154,UG/M3,1 Hr,Valid
Hanoi,PM2.5 - Principal,12/17/2021,2021,12,17,3,136.3,193,Unhealthy,145,UG/M3,1 Hr,Valid
Hanoi,PM2.5 - Principal,12/17/2021,2021,12,17,4,136.1,193,Unhealthy,136,UG/M3,1 Hr,Valid
Hanoi,PM2.5 - Principal,12/17/2021,2021,12,17,5,133.6,191,Unhealthy,131,UG/M3,1 Hr,Valid
Hanoi,PM2.5 - Principal,12/17/2021,2021,12,17,6,130.8,190,Unhealthy,128,UG/M3,1 Hr,Valid
Hanoi,PM2.5 - Principal,12/17/2021,2021,12,17,7,124.8,187,Unhealthy,119,UG/M3,1 Hr,Valid
Hanoi,PM2.5 - Principal,12/17/2021,2021,12,17,8,116.4,182,Unhealthy,108,UG/M3,1 Hr,Valid
Hanoi,PM2.5 - Principal,12/17/2021,2021,12,17,9,108.7,178,Unhealthy,101,UG/M3,1 Hr,Valid
Hanoi,PM2.5 - Principal,12/17/2021,2021,12,17,10,97.3,173,Unhealthy,86,UG/M3,1 Hr,Valid
Hanoi,PM2.5 - Principal,12/17/2021,2021,12,17,11,78.6,163,Unhealthy,60,UG/M3,1 Hr,Valid
Hanoi,PM2.5 - Principal,12/17/2021,2021,12,17,12,71.3,159,Unhealthy,64,UG/M3,1 Hr,Valid
Hanoi,PM2.5 - Principal,12/17/2021,2021,12,17,13,64.1,155,Unhealthy,57,UG/M3,1 Hr,Valid
Hanoi,PM2.5 - Principal,12/17/2021,2021,12,17,14,55.5,151,Unhealthy,47,UG/M3,1 Hr,Valid
Hanoi,PM2.5 - Principal,12/17/2021,2021,12,17,15,50.2,137,Unhealthy for Sensitive Groups,45,UG/M3,1 Hr,Valid
Hanoi,PM2.5 - Principal,12/17/2021,2021,12,17,16,46.6,128,Unhealthy for Sensitive Groups,43,UG/M3,1 Hr,Valid
Hanoi,PM2.5 - Principal,12/17/2021,2021,12,17,17,47.3,130,Unhealthy for Sensitive Groups,48,UG/M3,1 Hr,Valid
Hanoi,PM2.5 - Principal,12/17/2021,2021,12,17,18,50.6,138,Unhealthy for Sensitive Groups,54,UG/M3,1 Hr,Valid
Hanoi,PM2.5 - Principal,12/17/2021,2021,12,17,19,47.3,130,Unhealthy for Sensitive Groups,44,UG/M3,1 Hr,Valid
Hanoi,PM2.5 - Principal,12/17/2021,2021,12,17,20,47.1,130,Unhealthy for Sensitive Groups,47,UG/M3,1 Hr,Valid
Hanoi,PM2.5 - Principal,12/17/2021,2021,12,17,21,46,127,Unhealthy for Sensitive Groups,45,UG/M3,1 Hr,Valid
Hanoi,PM2.5 - Principal,12/17/2021,2021,12,17,22,37.5,106,Unhealthy for Sensitive Groups,29,UG/M3,1 Hr,Valid
Hanoi,PM2.5 - Principal,12/17/2021,2021,12,17,23,38.7,109,Unhealthy for Sensitive Groups,40,UG/M3,1 Hr,Valid
Hanoi,PM2.5 - Principal,12/18/2021,2021,12,18,0,64.8,156,Unhealthy,91,UG/M3,1 Hr,Valid
Hanoi,PM2.5 - Principal,12/18/2021,2021,12,18,1,48.9,134,Unhealthy for Sensitive Groups,33,UG/M3,1 Hr,Valid
Hanoi,PM2.5 - Principal,12/18/2021,2021,12,18,2,37.4,106,Unhealthy for Sensitive Groups,26,UG/M3,1 Hr,Valid
Hanoi,PM2.5 - Principal,12/18/2021,2021,12,18,3,29.7,88,Moderate,22,UG/M3,1 Hr,Valid
Hanoi,PM2.5 - Principal,12/18/2021,2021,12,18,4,31.8,92,Moderate,34,UG/M3,1 Hr,Valid
Hanoi,PM2.5 - Principal,12/18/2021,2021,12,18,5,28.9,86,Moderate,26,UG/M3,1 Hr,Valid
Hanoi,PM2.5 - Principal,12/18/2021,2021,12,18,6,25.4,79,Moderate,22,UG/M3,1 Hr,Valid
Hanoi,PM2.5 - Principal,12/18/2021,2021,12,18,7,29.7,88,Moderate,34,UG/M3,1 Hr,Valid
Hanoi,PM2.5 - Principal,12/18/2021,2021,12,18,8,28.8,86,Moderate,28,UG/M3,1 Hr,Valid
Hanoi,PM2.5 - Principal,12/18/2021,2021,12,18,9,26.9,82,Moderate,25,UG/M3,1 Hr,Valid
Hanoi,PM2.5 - Principal,12/18/2021,2021,12,18,10,28.9,86,Moderate,31,UG/M3,1 Hr,Valid
Hanoi,PM2.5 - Principal,12/18/2021,2021,12,18,11,30.9,91,Moderate,33,UG/M3,1 Hr,Valid
Hanoi,PM2.5 - Principal,12/18/2021,2021,12,18,12,32.5,94,Moderate,36,UG/M3,1 Hr,Valid
Hanoi,PM2.5 - Principal,12/18/2021,2021,12,18,13,29.9,88,Moderate,26,UG/M3,1 Hr,Valid
Hanoi,PM2.5 - Principal,12/18/2021,2021,12,18,14,28.8,86,Moderate,27,UG/M3,1 Hr,Valid
Hanoi,PM2.5 - Principal,12/18/2021,2021,12,18,15,28.9,86,Moderate,29,UG/M3,1 Hr,Valid
Hanoi,PM2.5 - Principal,12/18/2021,2021,12,18,16,28.9,86,Moderate,29,UG/M3,1 Hr,Valid
Hanoi,PM2.5 - Principal,12/18/2021,2021,12,18,17,32.2,93,Moderate,37,UG/M3,1 Hr,Valid
Hanoi,PM2.5 - Principal,12/18/2021,2021,12,18,18,42.4,118,Unhealthy for Sensitive Groups,52,UG/M3,1 Hr,Valid
Hanoi,PM2.5 - Principal,12/18/2021,2021,12,18,19,61.7,154,Unhealthy,81,UG/M3,1 Hr,Valid
Hanoi,PM2.5 - Principal,12/18/2021,2021,12,18,20,70.8,159,Unhealthy,80,UG/M3,1 Hr,Valid
Hanoi,PM2.5 - Principal,12/18/2021,2021,12,18,21,78.9,163,Unhealthy,87,UG/M3,1 Hr,Valid
Hanoi,PM2.5 - Principal,12/18/2021,2021,12,18,22,76.9,162,Unhealthy,75,UG/M3,1 Hr,Valid
Hanoi,PM2.5 - Principal,12/18/2021,2021,12,18,23,68.4,158,Unhealthy,60,UG/M3,1 Hr,Valid
Hanoi,PM2.5 - Principal,12/19/2021,2021,12,19,0,86.7,167,Unhealthy,105,UG/M3,1 Hr,Valid
Hanoi,PM2.5 - Principal,12/19/2021,2021,12,19,1,72.3,160,Unhealthy,58,UG/M3,1 Hr,Valid
Hanoi,PM2.5 - Principal,12/19/2021,2021,12,19,2,62.1,154,Unhealthy,52,UG/M3,1 Hr,Valid
Hanoi,PM2.5 - Principal,12/19/2021,2021,12,19,3,60.6,154,Unhealthy,59,UG/M3,1 Hr,Valid
Hanoi,PM2.5 - Principal,12/19/2021,2021,12,19,4,56.8,152,Unhealthy,53,UG/M3,1 Hr,Valid
Hanoi,PM2.5 - Principal,12/19/2021,2021,12,19,5,61.9,154,Unhealthy,67,UG/M3,1 Hr,Valid
Hanoi,PM2.5 - Principal,12/19/2021,2021,12,19,6,55.9,151,Unhealthy,50,UG/M3,1 Hr,Valid
Hanoi,PM2.5 - Principal,12/19/2021,2021,12,19,7,50.9,139,Unhealthy for Sensitive Groups,46,UG/M3,1 Hr,Valid
Hanoi,PM2.5 - Principal,12/19/2021,2021,12,19,8,49.9,136,Unhealthy for Sensitive Groups,49,UG/M3,1 Hr,Valid
Hanoi,PM2.5 - Principal,12/19/2021,2021,12,19,9,50.4,138,Unhealthy for Sensitive Groups,51,UG/M3,1 Hr,Valid
Hanoi,PM2.5 - Principal,12/19/2021,2021,12,19,10,42.7,119,Unhealthy for Sensitive Groups,35,UG/M3,1 Hr,Valid
Hanoi,PM2.5 - Principal,12/19/2021,2021,12,19,11,36.3,103,Unhealthy for Sensitive Groups,30,UG/M3,1 Hr,Valid
Hanoi,PM2.5 - Principal,12/19/2021,2021,12,19,12,34.1,97,Moderate,32,UG/M3,1 Hr,Valid
Hanoi,PM2.5 - Principal,12/19/2021,2021,12,19,13,36,102,Unhealthy for Sensitive Groups,38,UG/M3,1 Hr,Valid
Hanoi,PM2.5 - Principal,12/19/2021,2021,12,19,14,37,105,Unhealthy for Sensitive Groups,38,UG/M3,1 Hr,Valid
Hanoi,PM2.5 - Principal,12/19/2021,2021,12,19,15,39,110,Unhealthy for Sensitive Groups,41,UG/M3,1 Hr,Valid
Hanoi,PM2.5 - Principal,12/19/2021,2021,12,19,16,40.5,113,Unhealthy for Sensitive Groups,42,UG/M3,1 Hr,Valid
Hanoi,PM2.5 - Principal,12/19/2021,2021,12,19,17,42.9,119,Unhealthy for Sensitive Groups,47,UG/M3,1 Hr,Valid
Hanoi,PM2.5 - Principal,12/19/2021,2021,12,19,18,47.4,130,Unhealthy for Sensitive Groups,53,UG/M3,1 Hr,Valid
Hanoi,PM2.5 - Principal,12/19/2021,2021,12,19,19,52.8,144,Unhealthy for Sensitive Groups,58,UG/M3,1 Hr,Valid
Hanoi,PM2.5 - Principal,12/19/2021,2021,12,19,20,57.5,152,Unhealthy,62,UG/M3,1 Hr,Valid
Hanoi,PM2.5 - Principal,12/19/2021,2021,12,19,21,64.3,156,Unhealthy,71,UG/M3,1 Hr,Valid
Hanoi,PM2.5 - Principal,12/19/2021,2021,12,19,22,68.6,158,Unhealthy,73,UG/M3,1 Hr,Valid
Hanoi,PM2.5 - Principal,12/19/2021,2021,12,19,23,76.8,162,Unhealthy,85,UG/M3,1 Hr,Valid
Hanoi,PM2.5 - Principal,12/20/2021,2021,12,20,0,98.4,173,Unhealthy,120,UG/M3,1 Hr,Valid
Hanoi,PM2.5 - Principal,12/20/2021,2021,12,20,1,134.7,192,Unhealthy,171,UG/M3,1 Hr,Valid
Hanoi,PM2.5 - Principal,12/20/2021,2021,12,20,2,125.3,187,Unhealthy,116,UG/M3,1 Hr,Valid
Hanoi,PM2.5 - Principal,12/20/2021,2021,12,20,3,114.6,182,Unhealthy,104,UG/M3,1 Hr,Valid
Hanoi,PM2.5 - Principal,12/20/2021,2021,12,20,4,114.8,182,Unhealthy,115,UG/M3,1 Hr,Valid
Hanoi,PM2.5 - Principal,12/20/2021,2021,12,20,5,107.4,178,Unhealthy,100,UG/M3,1 Hr,Valid
Hanoi,PM2.5 - Principal,12/20/2021,2021,12,20,6,96.7,172,Unhealthy,86,UG/M3,1 Hr,Valid
Hanoi,PM2.5 - Principal,12/20/2021,2021,12,20,7,86.8,167,Unhealthy,77,UG/M3,1 Hr,Valid
Hanoi,PM2.5 - Principal,12/20/2021,2021,12,20,8,92.9,170,Unhealthy,99,UG/M3,1 Hr,Valid
Hanoi,PM2.5 - Principal,12/20/2021,2021,12,20,9,87.9,168,Unhealthy,83,UG/M3,1 Hr,Valid
Hanoi,PM2.5 - Principal,12/20/2021,2021,12,20,10,81.4,164,Unhealthy,75,UG/M3,1 Hr,Valid
Hanoi,PM2.5 - Principal,12/20/2021,2021,12,20,11,76.2,162,Unhealthy,71,UG/M3,1 Hr,Valid
Hanoi,PM2.5 - Principal,12/20/2021,2021,12,20,12,64.6,156,Unhealthy,53,UG/M3,1 Hr,Valid
Hanoi,PM2.5 - Principal,12/20/2021,2021,12,20,13,63.2,155,Unhealthy,62,UG/M3,1 Hr,Valid
Hanoi,PM2.5 - Principal,12/20/2021,2021,12,20,14,58.1,152,Unhealthy,53,UG/M3,1 Hr,Valid
Hanoi,PM2.5 - Principal,12/20/2021,2021,12,20,15,52.5,143,Unhealthy for Sensitive Groups,47,UG/M3,1 Hr,Valid
Hanoi,PM2.5 - Principal,12/20/2021,2021,12,20,16,50.2,137,Unhealthy for Sensitive Groups,48,UG/M3,1 Hr,Valid
Hanoi,PM2.5 - Principal,12/20/2021,2021,12,20,17,57.1,152,Unhealthy,64,UG/M3,1 Hr,Valid
Hanoi,PM2.5 - Principal,12/20/2021,2021,12,20,18,55.5,151,Unhealthy,54,UG/M3,1 Hr,Valid
Hanoi,PM2.5 - Principal,12/20/2021,2021,12,20,19,60.2,153,Unhealthy,65,UG/M3,1 Hr,Valid
Hanoi,PM2.5 - Principal,12/20/2021,2021,12,20,20,56.7,152,Unhealthy,53,UG/M3,1 Hr,Valid
Hanoi,PM2.5 - Principal,12/20/2021,2021,12,20,21,53.8,146,Unhealthy for Sensitive Groups,49,UG/M3,1 Hr,Valid
Hanoi,PM2.5 - Principal,12/20/2021,2021,12,20,22,52,142,Unhealthy for Sensitive Groups,48,UG/M3,1 Hr,Valid
Hanoi,PM2.5 - Principal,12/20/2021,2021,12,20,23,48.8,134,Unhealthy for Sensitive Groups,43,UG/M3,1 Hr,Valid
Hanoi,PM2.5 - Principal,12/21/2021,2021,12,21,0,39.9,112,Unhealthy for Sensitive Groups,33,UG/M3,1 Hr,Valid
Hanoi,PM2.5 - Principal,12/21/2021,2021,12,21,1,39.9,112,Unhealthy for Sensitive Groups,40,UG/M3,1 Hr,Valid
Hanoi,PM2.5 - Principal,12/21/2021,2021,12,21,2,37,105,Unhealthy for Sensitive Groups,34,UG/M3,1 Hr,Valid
Hanoi,PM2.5 - Principal,12/21/2021,2021,12,21,3,40.4,113,Unhealthy for Sensitive Groups,44,UG/M3,1 Hr,Valid
Hanoi,PM2.5 - Principal,12/21/2021,2021,12,21,4,56.7,152,Unhealthy,73,UG/M3,1 Hr,Valid
Hanoi,PM2.5 - Principal,12/21/2021,2021,12,21,5,46.8,129,Unhealthy for Sensitive Groups,37,UG/M3,1 Hr,Valid
Hanoi,PM2.5 - Principal,12/21/2021,2021,12,21,6,37.9,107,Unhealthy for Sensitive Groups,29,UG/M3,1 Hr,Valid
Hanoi,PM2.5 - Principal,12/21/2021,2021,12,21,7,40.4,113,Unhealthy for Sensitive Groups,43,UG/M3,1 Hr,Valid
Hanoi,PM2.5 - Principal,12/21/2021,2021,12,21,8,43.2,120,Unhealthy for Sensitive Groups,46,UG/M3,1 Hr,Valid
Hanoi,PM2.5 - Principal,12/21/2021,2021,12,21,9,43.1,120,Unhealthy for Sensitive Groups,43,UG/M3,1 Hr,Valid
Hanoi,PM2.5 - Principal,12/21/2021,2021,12,21,10,47,129,Unhealthy for Sensitive Groups,51,UG/M3,1 Hr,Valid
Hanoi,PM2.5 - Principal,12/21/2021,2021,12,21,11,51.5,140,Unhealthy for Sensitive Groups,56,UG/M3,1 Hr,Valid
Hanoi,PM2.5 - Principal,12/21/2021,2021,12,21,12,55.7,151,Unhealthy,60,UG/M3,1 Hr,Valid
Hanoi,PM2.5 - Principal,12/21/2021,2021,12,21,13,56.8,152,Unhealthy,58,UG/M3,1 Hr,Valid
Hanoi,PM2.5 - Principal,12/21/2021,2021,12,21,14,56.9,152,Unhealthy,57,UG/M3,1 Hr,Valid
Hanoi,PM2.5 - Principal,12/21/2021,2021,12,21,15,55.4,150,Unhealthy for Sensitive Groups,54,UG/M3,1 Hr,Valid
Hanoi,PM2.5 - Principal,12/21/2021,2021,12,21,16,57.2,152,Unhealthy,59,UG/M3,1 Hr,Valid
Hanoi,PM2.5 - Principal,12/21/2021,2021,12,21,17,58.1,152,Unhealthy,59,UG/M3,1 Hr,Valid
Hanoi,PM2.5 - Principal,12/21/2021,2021,12,21,18,59.9,153,Unhealthy,65,UG/M3,1 Hr,Valid
Hanoi,PM2.5 - Principal,12/21/2021,2021,12,21,19,95.7,172,Unhealthy,130,UG/M3,1 Hr,Valid
Hanoi,PM2.5 - Principal,12/21/2021,2021,12,21,20,98.9,173,Unhealthy,102,UG/M3,1 Hr,Valid
Hanoi,PM2.5 - Principal,12/21/2021,2021,12,21,21,112.4,180,Unhealthy,126,UG/M3,1 Hr,Valid
Hanoi,PM2.5 - Principal,12/21/2021,2021,12,21,22,113.2,181,Unhealthy,114,UG/M3,1 Hr,Valid
Hanoi,PM2.5 - Principal,12/21/2021,2021,12,21,23,114.1,181,Unhealthy,115,UG/M3,1 Hr,Valid
Hanoi,PM2.5 - Principal,12/22/2021,2021,12,22,0,117.5,183,Unhealthy,121,UG/M3,1 Hr,Valid
Hanoi,PM2.5 - Principal,12/22/2021,2021,12,22,1,119.7,184,Unhealthy,122,UG/M3,1 Hr,Valid
Hanoi,PM2.5 - Principal,12/22/2021,2021,12,22,2,119.4,184,Unhealthy,119,UG/M3,1 Hr,Valid
Hanoi,PM2.5 - Principal,12/22/2021,2021,12,22,3,124.7,187,Unhealthy,130,UG/M3,1 Hr,Valid
Hanoi,PM2.5 - Principal,12/22/2021,2021,12,22,4,150.3,200,Unhealthy,176,UG/M3,1 Hr,Valid
Hanoi,PM2.5 - Principal,12/22/2021,2021,12,22,5,176.2,226,Very Unhealthy,202,UG/M3,1 Hr,Valid
Hanoi,PM2.5 - Principal,12/22/2021,2021,12,22,6,184.3,234,Very Unhealthy,193,UG/M3,1 Hr,Valid
Hanoi,PM2.5 - Principal,12/22/2021,2021,12,22,7,168.8,219,Very Unhealthy,153,UG/M3,1 Hr,Valid
Hanoi,PM2.5 - Principal,12/22/2021,2021,12,22,8,153.5,204,Very Unhealthy,134,UG/M3,1 Hr,Valid
Hanoi,PM2.5 - Principal,12/22/2021,2021,12,22,9,146.7,198,Unhealthy,138,UG/M3,1 Hr,Valid
Hanoi,PM2.5 - Principal,12/22/2021,2021,12,22,10,131.7,190,Unhealthy,113,UG/M3,1 Hr,Valid
Hanoi,PM2.5 - Principal,12/22/2021,2021,12,22,11,121.4,185,Unhealthy,110,UG/M3,1 Hr,Valid
Hanoi,PM2.5 - Principal,12/22/2021,2021,12,22,12,108.2,178,Unhealthy,97,UG/M3,1 Hr,Valid
Hanoi,PM2.5 - Principal,12/22/2021,2021,12,22,13,99.1,174,Unhealthy,90,UG/M3,1 Hr,Valid
Hanoi,PM2.5 - Principal,12/22/2021,2021,12,22,14,84,166,Unhealthy,69,UG/M3,1 Hr,Valid
Hanoi,PM2.5 - Principal,12/22/2021,2021,12,22,15,71,159,Unhealthy,58,UG/M3,1 Hr,Valid
Hanoi,PM2.5 - Principal,12/22/2021,2021,12,22,16,63.9,155,Unhealthy,57,UG/M3,1 Hr,Valid
Hanoi,PM2.5 - Principal,12/22/2021,2021,12,22,17,61.4,154,Unhealthy,59,UG/M3,1 Hr,Valid
Hanoi,PM2.5 - Principal,12/22/2021,2021,12,22,18,73.7,160,Unhealthy,86,UG/M3,1 Hr,Valid
Hanoi,PM2.5 - Principal,12/22/2021,2021,12,22,19,91.8,170,Unhealthy,110,UG/M3,1 Hr,Valid
Hanoi,PM2.5 - Principal,12/22/2021,2021,12,22,20,91.4,170,Unhealthy,91,UG/M3,1 Hr,Valid
Hanoi,PM2.5 - Principal,12/22/2021,2021,12,22,21,91.6,170,Unhealthy,92,UG/M3,1 Hr,Valid
Hanoi,PM2.5 - Principal,12/22/2021,2021,12,22,22,81.1,164,Unhealthy,70,UG/M3,1 Hr,Valid
Hanoi,PM2.5 - Principal,12/22/2021,2021,12,22,23,67.9,157,Unhealthy,55,UG/M3,1 Hr,Valid
Hanoi,PM2.5 - Principal,12/23/2021,2021,12,23,0,64.9,156,Unhealthy,62,UG/M3,1 Hr,Valid
Hanoi,PM2.5 - Principal,12/23/2021,2021,12,23,1,58.4,152,Unhealthy,52,UG/M3,1 Hr,Valid
Hanoi,PM2.5 - Principal,12/23/2021,2021,12,23,2,53.2,145,Unhealthy for Sensitive Groups,48,UG/M3,1 Hr,Valid
Hanoi,PM2.5 - Principal,12/23/2021,2021,12,23,3,47.1,130,Unhealthy for Sensitive Groups,41,UG/M3,1 Hr,Valid
Hanoi,PM2.5 - Principal,12/23/2021,2021,12,23,4,48,132,Unhealthy for Sensitive Groups,49,UG/M3,1 Hr,Valid
Hanoi,PM2.5 - Principal,12/23/2021,2021,12,23,5,54.5,148,Unhealthy for Sensitive Groups,61,UG/M3,1 Hr,Valid
Hanoi,PM2.5 - Principal,12/23/2021,2021,12,23,6,64.7,156,Unhealthy,75,UG/M3,1 Hr,Valid
Hanoi,PM2.5 - Principal,12/23/2021,2021,12,23,7,81.8,165,Unhealthy,99,UG/M3,1 Hr,Valid
Hanoi,PM2.5 - Principal,12/23/2021,2021,12,23,8,123.9,186,Unhealthy,166,UG/M3,1 Hr,Valid
Hanoi,PM2.5 - Principal,12/23/2021,2021,12,23,9,143.9,197,Unhealthy,164,UG/M3,1 Hr,Valid
Hanoi,PM2.5 - Principal,12/23/2021,2021,12,23,10,137.9,194,Unhealthy,132,UG/M3,1 Hr,Valid
Hanoi,PM2.5 - Principal,12/23/2021,2021,12,23,11,109.5,179,Unhealthy,81,UG/M3,1 Hr,Valid
Hanoi,PM2.5 - Principal,12/23/2021,2021,12,23,12,90.7,169,Unhealthy,72,UG/M3,1 Hr,Valid
Hanoi,PM2.5 - Principal,12/23/2021,2021,12,23,13,77.8,163,Unhealthy,65,UG/M3,1 Hr,Valid
Hanoi,PM2.5 - Principal,12/23/2021,2021,12,23,14,73.9,161,Unhealthy,70,UG/M3,1 Hr,Valid
Hanoi,PM2.5 - Principal,12/23/2021,2021,12,23,15,72.4,160,Unhealthy,71,UG/M3,1 Hr,Valid
Hanoi,PM2.5 - Principal,12/23/2021,2021,12,23,16,67.2,157,Unhealthy,62,UG/M3,1 Hr,Valid
Hanoi,PM2.5 - Principal,12/23/2021,2021,12,23,17,63.6,155,Unhealthy,60,UG/M3,1 Hr,Valid
Hanoi,PM2.5 - Principal,12/23/2021,2021,12,23,18,67.3,157,Unhealthy,71,UG/M3,1 Hr,Valid
Hanoi,PM2.5 - Principal,12/23/2021,2021,12,23,19,94.6,171,Unhealthy,122,UG/M3,1 Hr,Valid
Hanoi,PM2.5 - Principal,12/23/2021,2021,12,23,20,92.3,170,Unhealthy,90,UG/M3,1 Hr,Valid
Hanoi,PM2.5 - Principal,12/23/2021,2021,12,23,21,82.6,165,Unhealthy,73,UG/M3,1 Hr,Valid
Hanoi,PM2.5 - Principal,12/23/2021,2021,12,23,22,80.8,164,Unhealthy,79,UG/M3,1 Hr,Valid
Hanoi,PM2.5 - Principal,12/23/2021,2021,12,23,23,79.9,164,Unhealthy,79,UG/M3,1 Hr,Valid
Hanoi,PM2.5 - Principal,12/24/2021,2021,12,24,0,74.9,161,Unhealthy,70,UG/M3,1 Hr,Valid
Hanoi,PM2.5 - Principal,12/24/2021,2021,12,24,1,71.4,159,Unhealthy,68,UG/M3,1 Hr,Valid
Hanoi,PM2.5 - Principal,12/24/2021,2021,12,24,2,73.7,160,Unhealthy,76,UG/M3,1 Hr,Valid
Hanoi,PM2.5 - Principal,12/24/2021,2021,12,24,3,74.3,161,Unhealthy,75,UG/M3,1 Hr,Valid
Hanoi,PM2.5 - Principal,12/24/2021,2021,12,24,4,82.6,165,Unhealthy,91,UG/M3,1 Hr,Valid
Hanoi,PM2.5 - Principal,12/24/2021,2021,12,24,5,97.3,173,Unhealthy,117,UG/M3,1 Hr,Valid
Hanoi,PM2.5 - Principal,12/24/2021,2021,12,24,6,89.2,168,Unhealthy,79,UG/M3,1 Hr,Valid
Hanoi,PM2.5 - Principal,12/24/2021,2021,12,24,7,92.3,170,Unhealthy,97,UG/M3,1 Hr,Valid
Hanoi,PM2.5 - Principal,12/24/2021,2021,12,24,8,104.4,176,Unhealthy,120,UG/M3,1 Hr,Valid
Hanoi,PM2.5 - Principal,12/24/2021,2021,12,24,9,104.7,176,Unhealthy,105,UG/M3,1 Hr,Valid
Hanoi,PM2.5 - Principal,12/24/2021,2021,12,24,10,103.1,176,Unhealthy,101,UG/M3,1 Hr,Valid
Hanoi,PM2.5 - Principal,12/24/2021,2021,12,24,11,89.6,169,Unhealthy,72,UG/M3,1 Hr,Valid
Hanoi,PM2.5 - Principal,12/24/2021,2021,12,24,12,76.3,162,Unhealthy,63,UG/M3,1 Hr,Valid
Hanoi,PM2.5 - Principal,12/24/2021,2021,12,24,13,76.1,162,Unhealthy,76,UG/M3,1 Hr,Valid
Hanoi,PM2.5 - Principal,12/24/2021,2021,12,24,14,67.8,157,Unhealthy,60,UG/M3,1 Hr,Valid
Hanoi,PM2.5 - Principal,12/24/2021,2021,12,24,15,75.4,161,Unhealthy,83,UG/M3,1 Hr,Valid
Hanoi,PM2.5 - Principal,12/24/2021,2021,12,24,16,70.2,159,Unhealthy,65,UG/M3,1 Hr,Valid
Hanoi,PM2.5 - Principal,12/24/2021,2021,12,24,17,85.1,166,Unhealthy,100,UG/M3,1 Hr,Valid
Hanoi,PM2.5 - Principal,12/24/2021,2021,12,24,18,103,176,Unhealthy,121,UG/M3,1 Hr,Valid
Hanoi,PM2.5 - Principal,12/24/2021,2021,12,24,19,121,185,Unhealthy,139,UG/M3,1 Hr,Valid
Hanoi,PM2.5 - Principal,12/24/2021,2021,12,24,20,141,195,Unhealthy,161,UG/M3,1 Hr,Valid
Hanoi,PM2.5 - Principal,12/24/2021,2021,12,24,21,147.5,199,Unhealthy,154,UG/M3,1 Hr,Valid
Hanoi,PM2.5 - Principal,12/24/2021,2021,12,24,22,156.7,207,Very Unhealthy,166,UG/M3,1 Hr,Valid
Hanoi,PM2.5 - Principal,12/24/2021,2021,12,24,23,160.3,211,Very Unhealthy,164,UG/M3,1 Hr,Valid
Hanoi,PM2.5 - Principal,12/25/2021,2021,12,25,0,159.2,210,Very Unhealthy,158,UG/M3,1 Hr,Valid
Hanoi,PM2.5 - Principal,12/25/2021,2021,12,25,1,161.1,212,Very Unhealthy,163,UG/M3,1 Hr,Valid
Hanoi,PM2.5 - Principal,12/25/2021,2021,12,25,2,160,210,Very Unhealthy,159,UG/M3,1 Hr,Valid
Hanoi,PM2.5 - Principal,12/25/2021,2021,12,25,3,149.5,200,Unhealthy,139,UG/M3,1 Hr,Valid
Hanoi,PM2.5 - Principal,12/25/2021,2021,12,25,4,148,199,Unhealthy,143,UG/M3,1 Hr,Valid
Hanoi,PM2.5 - Principal,12/25/2021,2021,12,25,5,147.5,199,Unhealthy,140,UG/M3,1 Hr,Valid
Hanoi,PM2.5 - Principal,12/25/2021,2021,12,25,6,141.4,195,Unhealthy,123,UG/M3,1 Hr,Valid
Hanoi,PM2.5 - Principal,12/25/2021,2021,12,25,7,130.6,190,Unhealthy,113,UG/M3,1 Hr,Valid
Hanoi,PM2.5 - Principal,12/25/2021,2021,12,25,8,132.5,191,Unhealthy,137,UG/M3,1 Hr,Valid
Hanoi,PM2.5 - Principal,12/25/2021,2021,12,25,9,134.5,192,Unhealthy,139,UG/M3,1 Hr,Valid
Hanoi,PM2.5 - Principal,12/25/2021,2021,12,25,10,134.9,192,Unhealthy,136,UG/M3,1 Hr,Valid
Hanoi,PM2.5 - Principal,12/25/2021,2021,12,25,11,132.1,191,Unhealthy,126,UG/M3,1 Hr,Valid
Hanoi,PM2.5 - Principal,12/25/2021,2021,12,25,12,131,190,Unhealthy,129,UG/M3,1 Hr,Valid
Hanoi,PM2.5 - Principal,12/25/2021,2021,12,25,13,127.7,188,Unhealthy,120,UG/M3,1 Hr,Valid
Hanoi,PM2.5 - Principal,12/25/2021,2021,12,25,14,126.6,188,Unhealthy,120,UG/M3,1 Hr,Valid
Hanoi,PM2.5 - Principal,12/25/2021,2021,12,25,15,92.2,170,Unhealthy,62,UG/M3,1 Hr,Valid
Hanoi,PM2.5 - Principal,12/25/2021,2021,12,25,16,75,161,Unhealthy,58,UG/M3,1 Hr,Valid
Hanoi,PM2.5 - Principal,12/25/2021,2021,12,25,17,70.5,159,Unhealthy,66,UG/M3,1 Hr,Valid
Hanoi,PM2.5 - Principal,12/25/2021,2021,12,25,18,89.2,168,Unhealthy,108,UG/M3,1 Hr,Valid
Hanoi,PM2.5 - Principal,12/25/2021,2021,12,25,19,88.1,168,Unhealthy,87,UG/M3,1 Hr,Valid
Hanoi,PM2.5 - Principal,12/25/2021,2021,12,25,20,89.5,169,Unhealthy,91,UG/M3,1 Hr,Valid
Hanoi,PM2.5 - Principal,12/25/2021,2021,12,25,21,82.7,165,Unhealthy,76,UG/M3,1 Hr,Valid
Hanoi,PM2.5 - Principal,12/25/2021,2021,12,25,22,77.8,163,Unhealthy,73,UG/M3,1 Hr,Valid
Hanoi,PM2.5 - Principal,12/25/2021,2021,12,25,23,74.9,161,Unhealthy,72,UG/M3,1 Hr,Valid
Hanoi,PM2.5 - Principal,12/26/2021,2021,12,26,0,80.9,164,Unhealthy,87,UG/M3,1 Hr,Valid
Hanoi,PM2.5 - Principal,12/26/2021,2021,12,26,1,88.9,168,Unhealthy,97,UG/M3,1 Hr,Valid
Hanoi,PM2.5 - Principal,12/26/2021,2021,12,26,2,83,165,Unhealthy,77,UG/M3,1 Hr,Valid
Hanoi,PM2.5 - Principal,12/26/2021,2021,12,26,3,78.3,163,Unhealthy,73,UG/M3,1 Hr,Valid
Hanoi,PM2.5 - Principal,12/26/2021,2021,12,26,4,79.1,163,Unhealthy,79,UG/M3,1 Hr,Valid
Hanoi,PM2.5 - Principal,12/26/2021,2021,12,26,5,72.8,160,Unhealthy,64,UG/M3,1 Hr,Valid
Hanoi,PM2.5 - Principal,12/26/2021,2021,12,26,6,69.4,158,Unhealthy,62,UG/M3,1 Hr,Valid
Hanoi,PM2.5 - Principal,12/26/2021,2021,12,26,7,75,161,Unhealthy,85,UG/M3,1 Hr,Valid
Hanoi,PM2.5 - Principal,12/26/2021,2021,12,26,8,73.9,161,Unhealthy,72,UG/M3,1 Hr,Valid
Hanoi,PM2.5 - Principal,12/26/2021,2021,12,26,9,75.3,161,Unhealthy,78,UG/M3,1 Hr,Valid
Hanoi,PM2.5 - Principal,12/26/2021,2021,12,26,10,73.4,160,Unhealthy,70,UG/M3,1 Hr,Valid
Hanoi,PM2.5 - Principal,12/26/2021,2021,12,26,11,77.9,163,Unhealthy,86,UG/M3,1 Hr,Valid
Hanoi,PM2.5 - Principal,12/26/2021,2021,12,26,12,78.7,163,Unhealthy,80,UG/M3,1 Hr,Valid
Hanoi,PM2.5 - Principal,12/26/2021,2021,12,26,13,78.7,163,Unhealthy,81,UG/M3,1 Hr,Valid
Hanoi,PM2.5 - Principal,12/26/2021,2021,12,26,14,79.6,163,Unhealthy,82,UG/M3,1 Hr,Valid
Hanoi,PM2.5 - Principal,12/26/2021,2021,12,26,15,78.9,163,Unhealthy,77,UG/M3,1 Hr,Valid
Hanoi,PM2.5 - Principal,12/26/2021,2021,12,26,16,78.6,163,Unhealthy,78,UG/M3,1 Hr,Valid
Hanoi,PM2.5 - Principal,12/26/2021,2021,12,26,17,78.2,163,Unhealthy,77,UG/M3,1 Hr,Valid
Hanoi,PM2.5 - Principal,12/26/2021,2021,12,26,18,76.8,162,Unhealthy,70,UG/M3,1 Hr,Valid
Hanoi,PM2.5 - Principal,12/26/2021,2021,12,26,19,74.2,161,Unhealthy,67,UG/M3,1 Hr,Valid
Hanoi,PM2.5 - Principal,12/26/2021,2021,12,26,20,63.9,155,Unhealthy,52,UG/M3,1 Hr,Valid
Hanoi,PM2.5 - Principal,12/26/2021,2021,12,26,21,49.1,134,Unhealthy for Sensitive Groups,37,UG/M3,1 Hr,Valid
Hanoi,PM2.5 - Principal,12/26/2021,2021,12,26,22,40.5,113,Unhealthy for Sensitive Groups,32,UG/M3,1 Hr,Valid
Hanoi,PM2.5 - Principal,12/26/2021,2021,12,26,23,31.7,92,Moderate,23,UG/M3,1 Hr,Valid
Hanoi,PM2.5 - Principal,12/27/2021,2021,12,27,0,31.3,91,Moderate,31,UG/M3,1 Hr,Valid
Hanoi,PM2.5 - Principal,12/27/2021,2021,12,27,1,22.1,72,Moderate,13,UG/M3,1 Hr,Valid
Hanoi,PM2.5 - Principal,12/27/2021,2021,12,27,2,17.5,62,Moderate,13,UG/M3,1 Hr,Valid
Hanoi,PM2.5 - Principal,12/27/2021,2021,12,27,3,16.2,60,Moderate,15,UG/M3,1 Hr,Valid
Hanoi,PM2.5 - Principal,12/27/2021,2021,12,27,4,16.6,60,Moderate,17,UG/M3,1 Hr,Valid
Hanoi,PM2.5 - Principal,12/27/2021,2021,12,27,5,14.3,56,Moderate,12,UG/M3,1 Hr,Valid
Hanoi,PM2.5 - Principal,12/27/2021,2021,12,27,6,11.1,46,Good,8,UG/M3,1 Hr,Valid
Hanoi,PM2.5 - Principal,12/27/2021,2021,12,27,7,9.5,40,Good,8,UG/M3,1 Hr,Valid
Hanoi,PM2.5 - Principal,12/27/2021,2021,12,27,8,9.7,40,Good,10,UG/M3,1 Hr,Valid
Hanoi,PM2.5 - Principal,12/27/2021,2021,12,27,9,10.8,45,Good,12,UG/M3,1 Hr,Valid
Hanoi,PM2.5 - Principal,12/27/2021,2021,12,27,10,14.9,57,Moderate,19,UG/M3,1 Hr,Valid
Hanoi,PM2.5 - Principal,12/27/2021,2021,12,27,11,16.9,61,Moderate,19,UG/M3,1 Hr,Valid
Hanoi,PM2.5 - Principal,12/27/2021,2021,12,27,12,20.9,70,Moderate,25,UG/M3,1 Hr,Valid
Hanoi,PM2.5 - Principal,12/27/2021,2021,12,27,13,20.4,68,Moderate,20,UG/M3,1 Hr,Valid
Hanoi,PM2.5 - Principal,12/27/2021,2021,12,27,14,19.7,67,Moderate,19,UG/M3,1 Hr,Valid
Hanoi,PM2.5 - Principal,12/27/2021,2021,12,27,15,20.8,69,Moderate,22,UG/M3,1 Hr,Valid
Hanoi,PM2.5 - Principal,12/27/2021,2021,12,27,16,18.9,65,Moderate,17,UG/M3,1 Hr,Valid
Hanoi,PM2.5 - Principal,12/27/2021,2021,12,27,17,18.9,65,Moderate,-999,UG/M3,1 Hr,Missing
Hanoi,PM2.5 - Principal,12/27/2021,2021,12,27,18,17.6,63,Moderate,17,UG/M3,1 Hr,Valid
Hanoi,PM2.5 - Principal,12/27/2021,2021,12,27,20,22.2,72,Moderate,24,UG/M3,1 Hr,Valid
Hanoi,PM2.5 - Principal,12/27/2021,2021,12,27,21,24,76,Moderate,27,UG/M3,1 Hr,Valid
Hanoi,PM2.5 - Principal,12/27/2021,2021,12,27,22,28.5,85,Moderate,32,UG/M3,1 Hr,Valid
Hanoi,PM2.5 - Principal,12/27/2021,2021,12,27,23,30.8,90,Moderate,33,UG/M3,1 Hr,Valid
Hanoi,PM2.5 - Principal,12/28/2021,2021,12,28,0,28.4,85,Moderate,26,UG/M3,1 Hr,Valid
Hanoi,PM2.5 - Principal,12/28/2021,2021,12,28,1,26.2,81,Moderate,24,UG/M3,1 Hr,Valid
Hanoi,PM2.5 - Principal,12/28/2021,2021,12,28,2,35.6,101,Unhealthy for Sensitive Groups,45,UG/M3,1 Hr,Valid
Hanoi,PM2.5 - Principal,12/28/2021,2021,12,28,3,33.3,96,Moderate,31,UG/M3,1 Hr,Valid
Hanoi,PM2.5 - Principal,12/28/2021,2021,12,28,4,26.1,80,Moderate,19,UG/M3,1 Hr,Valid
Hanoi,PM2.5 - Principal,12/28/2021,2021,12,28,5,20.5,69,Moderate,15,UG/M3,1 Hr,Valid
Hanoi,PM2.5 - Principal,12/28/2021,2021,12,28,6,17.7,63,Moderate,15,UG/M3,1 Hr,Valid
Hanoi,PM2.5 - Principal,12/28/2021,2021,12,28,7,21.8,71,Moderate,26,UG/M3,1 Hr,Valid
Hanoi,PM2.5 - Principal,12/28/2021,2021,12,28,8,24.9,78,Moderate,28,UG/M3,1 Hr,Valid
Hanoi,PM2.5 - Principal,12/28/2021,2021,12,28,9,23.9,76,Moderate,23,UG/M3,1 Hr,Valid
Hanoi,PM2.5 - Principal,12/28/2021,2021,12,28,10,30.9,91,Moderate,38,UG/M3,1 Hr,Valid
Hanoi,PM2.5 - Principal,12/28/2021,2021,12,28,11,37.9,107,Unhealthy for Sensitive Groups,45,UG/M3,1 Hr,Valid
Hanoi,PM2.5 - Principal,12/28/2021,2021,12,28,12,33.4,96,Moderate,29,UG/M3,1 Hr,Valid
Hanoi,PM2.5 - Principal,12/28/2021,2021,12,28,13,29.2,87,Moderate,25,UG/M3,1 Hr,Valid
Hanoi,PM2.5 - Principal,12/28/2021,2021,12,28,14,27.1,83,Moderate,25,UG/M3,1 Hr,Valid
Hanoi,PM2.5 - Principal,12/28/2021,2021,12,28,15,25,78,Moderate,23,UG/M3,1 Hr,Valid
Hanoi,PM2.5 - Principal,12/28/2021,2021,12,28,16,26.5,81,Moderate,28,UG/M3,1 Hr,Valid
Hanoi,PM2.5 - Principal,12/28/2021,2021,12,28,17,34.2,97,Moderate,42,UG/M3,1 Hr,Valid
Hanoi,PM2.5 - Principal,12/28/2021,2021,12,28,18,35.5,101,Unhealthy for Sensitive Groups,37,UG/M3,1 Hr,Valid
Hanoi,PM2.5 - Principal,12/28/2021,2021,12,28,19,46.3,128,Unhealthy for Sensitive Groups,57,UG/M3,1 Hr,Valid
Hanoi,PM2.5 - Principal,12/28/2021,2021,12,28,20,46.1,127,Unhealthy for Sensitive Groups,46,UG/M3,1 Hr,Valid
Hanoi,PM2.5 - Principal,12/28/2021,2021,12,28,21,50.5,138,Unhealthy for Sensitive Groups,55,UG/M3,1 Hr,Valid
Hanoi,PM2.5 - Principal,12/28/2021,2021,12,28,22,61.7,154,Unhealthy,73,UG/M3,1 Hr,Valid
Hanoi,PM2.5 - Principal,12/28/2021,2021,12,28,23,67.4,157,Unhealthy,73,UG/M3,1 Hr,Valid
Hanoi,PM2.5 - Principal,12/29/2021,2021,12,29,0,69.7,158,Unhealthy,72,UG/M3,1 Hr,Valid
Hanoi,PM2.5 - Principal,12/29/2021,2021,12,29,1,75.3,161,Unhealthy,81,UG/M3,1 Hr,Valid
Hanoi,PM2.5 - Principal,12/29/2021,2021,12,29,2,75.1,161,Unhealthy,75,UG/M3,1 Hr,Valid
Hanoi,PM2.5 - Principal,12/29/2021,2021,12,29,3,68.5,158,Unhealthy,62,UG/M3,1 Hr,Valid
Hanoi,PM2.5 - Principal,12/29/2021,2021,12,29,4,61.8,154,Unhealthy,55,UG/M3,1 Hr,Valid
Hanoi,PM2.5 - Principal,12/29/2021,2021,12,29,5,52.9,144,Unhealthy for Sensitive Groups,44,UG/M3,1 Hr,Valid
Hanoi,PM2.5 - Principal,12/29/2021,2021,12,29,6,43.4,120,Unhealthy for Sensitive Groups,34,UG/M3,1 Hr,Valid
Hanoi,PM2.5 - Principal,12/29/2021,2021,12,29,7,40.7,114,Unhealthy for Sensitive Groups,38,UG/M3,1 Hr,Valid
Hanoi,PM2.5 - Principal,12/29/2021,2021,12,29,8,43.8,121,Unhealthy for Sensitive Groups,47,UG/M3,1 Hr,Valid
Hanoi,PM2.5 - Principal,12/29/2021,2021,12,29,9,41.4,116,Unhealthy for Sensitive Groups,39,UG/M3,1 Hr,Valid
Hanoi,PM2.5 - Principal,12/29/2021,2021,12,29,10,41.7,116,Unhealthy for Sensitive Groups,42,UG/M3,1 Hr,Valid
Hanoi,PM2.5 - Principal,12/29/2021,2021,12,29,11,42.3,118,Unhealthy for Sensitive Groups,43,UG/M3,1 Hr,Valid
Hanoi,PM2.5 - Principal,12/29/2021,2021,12,29,12,41.6,116,Unhealthy for Sensitive Groups,41,UG/M3,1 Hr,Valid
Hanoi,PM2.5 - Principal,12/29/2021,2021,12,29,13,41.3,115,Unhealthy for Sensitive Groups,41,UG/M3,1 Hr,Valid
Hanoi,PM2.5 - Principal,12/29/2021,2021,12,29,14,34.6,98,Moderate,28,UG/M3,1 Hr,Valid
Hanoi,PM2.5 - Principal,12/29/2021,2021,12,29,15,33.9,97,Moderate,33,UG/M3,1 Hr,Valid
Hanoi,PM2.5 - Principal,12/29/2021,2021,12,29,16,34.4,98,Moderate,34,UG/M3,1 Hr,Valid
Hanoi,PM2.5 - Principal,12/29/2021,2021,12,29,17,35.4,100,Moderate,37,UG/M3,1 Hr,Valid
Hanoi,PM2.5 - Principal,12/29/2021,2021,12,29,18,34.4,98,Moderate,33,UG/M3,1 Hr,Valid
Hanoi,PM2.5 - Principal,12/29/2021,2021,12,29,19,31.8,92,Moderate,28,UG/M3,1 Hr,Valid
Hanoi,PM2.5 - Principal,12/29/2021,2021,12,29,20,30.1,89,Moderate,27,UG/M3,1 Hr,Valid
Hanoi,PM2.5 - Principal,12/29/2021,2021,12,29,21,29.3,87,Moderate,28,UG/M3,1 Hr,Valid
Hanoi,PM2.5 - Principal,12/29/2021,2021,12,29,22,26.6,81,Moderate,24,UG/M3,1 Hr,Valid
Hanoi,PM2.5 - Principal,12/29/2021,2021,12,29,23,22.6,73,Moderate,19,UG/M3,1 Hr,Valid
Hanoi,PM2.5 - Principal,12/30/2021,2021,12,30,0,19.8,67,Moderate,17,UG/M3,1 Hr,Valid
Hanoi,PM2.5 - Principal,12/30/2021,2021,12,30,1,16.4,60,Moderate,13,UG/M3,1 Hr,Valid
Hanoi,PM2.5 - Principal,12/30/2021,2021,12,30,2,13.6,54,Moderate,11,UG/M3,1 Hr,Valid
Hanoi,PM2.5 - Principal,12/30/2021,2021,12,30,3,16.3,60,Moderate,19,UG/M3,1 Hr,Valid
Hanoi,PM2.5 - Principal,12/30/2021,2021,12,30,4,19.1,66,Moderate,22,UG/M3,1 Hr,Valid
Hanoi,PM2.5 - Principal,12/30/2021,2021,12,30,5,18.5,64,Moderate,18,UG/M3,1 Hr,Valid
Hanoi,PM2.5 - Principal,12/30/2021,2021,12,30,6,18.2,64,Moderate,18,UG/M3,1 Hr,Valid
Hanoi,PM2.5 - Principal,12/30/2021,2021,12,30,7,17.6,63,Moderate,17,UG/M3,1 Hr,Valid
Hanoi,PM2.5 - Principal,12/30/2021,2021,12,30,8,19.3,66,Moderate,21,UG/M3,1 Hr,Valid
Hanoi,PM2.5 - Principal,12/30/2021,2021,12,30,9,22.6,73,Moderate,26,UG/M3,1 Hr,Valid
Hanoi,PM2.5 - Principal,12/30/2021,2021,12,30,10,25.3,79,Moderate,28,UG/M3,1 Hr,Valid
Hanoi,PM2.5 - Principal,12/30/2021,2021,12,30,11,25.1,78,Moderate,25,UG/M3,1 Hr,Valid
Hanoi,PM2.5 - Principal,12/30/2021,2021,12,30,12,24.5,77,Moderate,24,UG/M3,1 Hr,Valid
Hanoi,PM2.5 - Principal,12/30/2021,2021,12,30,13,22.2,72,Moderate,20,UG/M3,1 Hr,Valid
Hanoi,PM2.5 - Principal,12/30/2021,2021,12,30,14,23.5,75,Moderate,25,UG/M3,1 Hr,Valid
Hanoi,PM2.5 - Principal,12/30/2021,2021,12,30,15,25.3,79,Moderate,28,UG/M3,1 Hr,Valid
Hanoi,PM2.5 - Principal,12/30/2021,2021,12,30,16,33.4,96,Moderate,41,UG/M3,1 Hr,Valid
Hanoi,PM2.5 - Principal,12/30/2021,2021,12,30,17,38.7,109,Unhealthy for Sensitive Groups,44,UG/M3,1 Hr,Valid
Hanoi,PM2.5 - Principal,12/30/2021,2021,12,30,18,38.3,108,Unhealthy for Sensitive Groups,38,UG/M3,1 Hr,Valid
Hanoi,PM2.5 - Principal,12/30/2021,2021,12,30,19,41.6,116,Unhealthy for Sensitive Groups,45,UG/M3,1 Hr,Valid
Hanoi,PM2.5 - Principal,12/30/2021,2021,12,30,20,44.8,124,Unhealthy for Sensitive Groups,48,UG/M3,1 Hr,Valid
Hanoi,PM2.5 - Principal,12/30/2021,2021,12,30,21,42.9,119,Unhealthy for Sensitive Groups,41,UG/M3,1 Hr,Valid
Hanoi,PM2.5 - Principal,12/30/2021,2021,12,30,22,42.9,119,Unhealthy for Sensitive Groups,43,UG/M3,1 Hr,Valid
Hanoi,PM2.5 - Principal,12/30/2021,2021,12,30,23,38.4,108,Unhealthy for Sensitive Groups,34,UG/M3,1 Hr,Valid
Hanoi,PM2.5 - Principal,12/31/2021,2021,12,31,0,33.2,95,Moderate,28,UG/M3,1 Hr,Valid
Hanoi,PM2.5 - Principal,12/31/2021,2021,12,31,1,31.8,92,Moderate,30,UG/M3,1 Hr,Valid
Hanoi,PM2.5 - Principal,12/31/2021,2021,12,31,2,31.1,91,Moderate,29,UG/M3,1 Hr,Valid
Hanoi,PM2.5 - Principal,12/31/2021,2021,12,31,3,32.3,93,Moderate,34,UG/M3,1 Hr,Valid
Hanoi,PM2.5 - Principal,12/31/2021,2021,12,31,4,30.9,91,Moderate,29,UG/M3,1 Hr,Valid
Hanoi,PM2.5 - Principal,12/31/2021,2021,12,31,5,30.5,90,Moderate,30,UG/M3,1 Hr,Valid
Hanoi,PM2.5 - Principal,12/31/2021,2021,12,31,6,29.8,88,Moderate,29,UG/M3,1 Hr,Valid
Hanoi,PM2.5 - Principal,12/31/2021,2021,12,31,7,29,87,Moderate,28,UG/M3,1 Hr,Valid
Hanoi,PM2.5 - Principal,12/31/2021,2021,12,31,8,31.6,92,Moderate,36,UG/M3,1 Hr,Valid
Hanoi,PM2.5 - Principal,12/31/2021,2021,12,31,9,30.3,89,Moderate,28,UG/M3,1 Hr,Valid
Hanoi,PM2.5 - Principal,12/31/2021,2021,12,31,10,31.6,92,Moderate,36,UG/M3,1 Hr,Valid
Hanoi,PM2.5 - Principal,12/31/2021,2021,12,31,11,31,91,Moderate,29,UG/M3,1 Hr,Valid
Hanoi,PM2.5 - Principal,12/31/2021,2021,12,31,12,32.9,95,Moderate,38,UG/M3,1 Hr,Valid
Hanoi,PM2.5 - Principal,12/31/2021,2021,12,31,13,33.8,97,Moderate,36,UG/M3,1 Hr,Valid
Hanoi,PM2.5 - Principal,12/31/2021,2021,12,31,14,34.9,99,Moderate,38,UG/M3,1 Hr,Valid
Hanoi,PM2.5 - Principal,12/31/2021,2021,12,31,15,34.9,99,Moderate,35,UG/M3,1 Hr,Valid
Hanoi,PM2.5 - Principal,12/31/2021,2021,12,31,16,34.4,98,Moderate,33,UG/M3,1 Hr,Valid
Hanoi,PM2.5 - Principal,12/31/2021,2021,12,31,17,35.4,100,Moderate,38,UG/M3,1 Hr,Valid
Hanoi,PM2.5 - Principal,12/31/2021,2021,12,31,18,44,122,Unhealthy for Sensitive Groups,53,UG/M3,1 Hr,Valid
Hanoi,PM2.5 - Principal,12/31/2021,2021,12,31,19,43.5,121,Unhealthy for Sensitive Groups,43,UG/M3,1 Hr,Valid
Hanoi,PM2.5 - Principal,12/31/2021,2021,12,31,20,44.2,122,Unhealthy for Sensitive Groups,45,UG/M3,1 Hr,Valid
Hanoi,PM2.5 - Principal,12/31/2021,2021,12,31,21,43.6,121,Unhealthy for Sensitive Groups,43,UG/M3,1 Hr,Valid
Hanoi,PM2.5 - Principal,12/31/2021,2021,12,31,22,44.7,124,Unhealthy for Sensitive Groups,46,UG/M3,1 Hr,Valid
Hanoi,PM2.5 - Principal,12/31/2021,2021,12,31,23,49.2,135,Unhealthy for Sensitive Groups,56,UG/M3,1 Hr,Valid
Hanoi,PM2.5 - Principal,1/1/2022,2022,1,1,0,56.9,152,Unhealthy,64,UG/M3,1 Hr,Valid
