Site,Parameter,Date (LT),Year,Month,Day,Hour,Value,Unit,Duration,QC Name
Hanoi,PM2.5 - Principal,12/9/2015,2015,12,9,5,0,UG/M3,1 Hr,Invalid
Hanoi,PM2.5 - Principal,12/9/2015,2015,12,9,6,0,UG/M3,1 Hr,Invalid
Hanoi,PM2.5 - Principal,12/9/2015,2015,12,9,7,0,UG/M3,1 Hr,Invalid
Hanoi,PM2.5 - Principal,12/9/2015,2015,12,9,8,0,UG/M3,1 Hr,Invalid
Hanoi,PM2.5 - Principal,12/9/2015,2015,12,9,9,0,UG/M3,1 Hr,Invalid
Hanoi,PM2.5 - Principal,12/9/2015,2015,12,9,10,0,UG/M3,1 Hr,Invalid
Hanoi,PM2.5 - Principal,12/9/2015,2015,12,9,11,77.3,UG/M3,1 Hr,Suspect
Hanoi,PM2.5 - Principal,12/9/2015,2015,12,9,12,0,UG/M3,1 Hr,Invalid
Hanoi,PM2.5 - Principal,12/9/2015,2015,12,9,13,0,UG/M3,1 Hr,Invalid
Hanoi,PM2.5 - Principal,12/9/2015,2015,12,9,14,90,UG/M3,1 Hr,Valid
Hanoi,PM2.5 - Principal,12/9/2015,2015,12,9,15,89.8,UG/M3,1 Hr,Valid
Hanoi,PM2.5 - Principal,12/9/2015,2015,12,9,16,85.6,UG/M3,1 Hr,Valid
Hanoi,PM2.5 - Principal,12/9/2015,2015,12,9,17,77.3,UG/M3,1 Hr,Valid
Hanoi,PM2.5 - Principal,12/9/2015,2015,12,9,18,85.1,UG/M3,1 Hr,Valid
Hanoi,PM2.5 - Principal,12/9/2015,2015,12,9,19,89.8,UG/M3,1 Hr,Valid
Hanoi,PM2.5 - Principal,12/9/2015,2015,12,9,20,110.6,UG/M3,1 Hr,Valid
Hanoi,PM2.5 - Principal,12/9/2015,2015,12,9,21,100.4,UG/M3,1 Hr,Valid
Hanoi,PM2.5 - Principal,12/9/2015,2015,12,9,22,86.5,UG/M3,1 Hr,Valid
Hanoi,PM2.5 - Principal,12/9/2015,2015,12,9,23,76.2,UG/M3,1 Hr,Valid
Hanoi,PM2.5 - Principal,12/10/2015,2015,12,10,0,83.4,UG/M3,1 Hr,Valid
Hanoi,PM2.5 - Principal,12/10/2015,2015,12,10,1,120.5,UG/M3,1 Hr,Valid
Hanoi,PM2.5 - Principal,12/10/2015,2015,12,10,2,108.1,UG/M3,1 Hr,Valid
Hanoi,PM2.5 - Principal,12/10/2015,2015,12,10,3,62.4,UG/M3,1 Hr,Valid
Hanoi,PM2.5 - Principal,12/10/2015,2015,12,10,4,49.6,UG/M3,1 Hr,Valid
Hanoi,PM2.5 - Principal,12/10/2015,2015,12,10,5,42.2,UG/M3,1 Hr,Valid
Hanoi,PM2.5 - Principal,12/10/2015,2015,12,10,6,47.8,UG/M3,1 Hr,Valid
Hanoi,PM2.5 - Principal,12/10/2015,2015,12,10,7,43.6,UG/M3,1 Hr,Valid
Hanoi,PM2.5 - Principal,12/10/2015,2015,12,10,8,36,UG/M3,1 Hr,Valid
Hanoi,PM2.5 - Principal,12/10/2015,2015,12,10,9,36.1,UG/M3,1 Hr,Valid
Hanoi,PM2.5 - Principal,12/10/2015,2015,12,10,10,39.3,UG/M3,1 Hr,Valid
Hanoi,PM2.5 - Principal,12/10/2015,2015,12,10,11,46.8,UG/M3,1 Hr,Valid
Hanoi,PM2.5 - Principal,12/10/2015,2015,12,10,12,42,UG/M3,1 Hr,Valid
Hanoi,PM2.5 - Principal,12/10/2015,2015,12,10,13,42.9,UG/M3,1 Hr,Valid
Hanoi,PM2.5 - Principal,12/10/2015,2015,12,10,14,40.8,UG/M3,1 Hr,Valid
Hanoi,PM2.5 - Principal,12/10/2015,2015,12,10,15,37.1,UG/M3,1 Hr,Valid
Hanoi,PM2.5 - Principal,12/10/2015,2015,12,10,16,40.9,UG/M3,1 Hr,Valid
Hanoi,PM2.5 - Principal,12/10/2015,2015,12,10,17,39.9,UG/M3,1 Hr,Valid
Hanoi,PM2.5 - Principal,12/10/2015,2015,12,10,18,38.2,UG/M3,1 Hr,Valid
Hanoi,PM2.5 - Principal,12/10/2015,2015,12,10,19,45,UG/M3,1 Hr,Valid
Hanoi,PM2.5 - Principal,12/10/2015,2015,12,10,20,45.5,UG/M3,1 Hr,Valid
Hanoi,PM2.5 - Principal,12/10/2015,2015,12,10,21,59,UG/M3,1 Hr,Valid
Hanoi,PM2.5 - Principal,12/10/2015,2015,12,10,22,59.8,UG/M3,1 Hr,Valid
Hanoi,PM2.5 - Principal,12/10/2015,2015,12,10,23,56,UG/M3,1 Hr,Valid
Hanoi,PM2.5 - Principal,12/11/2015,2015,12,11,0,58,UG/M3,1 Hr,Valid
Hanoi,PM2.5 - Principal,12/11/2015,2015,12,11,1,60.3,UG/M3,1 Hr,Valid
Hanoi,PM2.5 - Principal,12/11/2015,2015,12,11,2,68.1,UG/M3,1 Hr,Valid
Hanoi,PM2.5 - Principal,12/11/2015,2015,12,11,3,70.2,UG/M3,1 Hr,Valid
Hanoi,PM2.5 - Principal,12/11/2015,2015,12,11,4,53,UG/M3,1 Hr,Valid
Hanoi,PM2.5 - Principal,12/11/2015,2015,12,11,5,53.3,UG/M3,1 Hr,Valid
Hanoi,PM2.5 - Principal,12/11/2015,2015,12,11,6,38.1,UG/M3,1 Hr,Valid
Hanoi,PM2.5 - Principal,12/11/2015,2015,12,11,7,42.5,UG/M3,1 Hr,Valid
Hanoi,PM2.5 - Principal,12/11/2015,2015,12,11,8,56.9,UG/M3,1 Hr,Valid
Hanoi,PM2.5 - Principal,12/11/2015,2015,12,11,9,55.8,UG/M3,1 Hr,Valid
Hanoi,PM2.5 - Principal,12/11/2015,2015,12,11,10,51.1,UG/M3,1 Hr,Valid
Hanoi,PM2.5 - Principal,12/11/2015,2015,12,11,11,54.1,UG/M3,1 Hr,Valid
Hanoi,PM2.5 - Principal,12/11/2015,2015,12,11,12,58.7,UG/M3,1 Hr,Valid
Hanoi,PM2.5 - Principal,12/11/2015,2015,12,11,13,53.3,UG/M3,1 Hr,Valid
Hanoi,PM2.5 - Principal,12/11/2015,2015,12,11,14,61.9,UG/M3,1 Hr,Valid
Hanoi,PM2.5 - Principal,12/11/2015,2015,12,11,15,61,UG/M3,1 Hr,Valid
Hanoi,PM2.5 - Principal,12/11/2015,2015,12,11,16,63.3,UG/M3,1 Hr,Valid
Hanoi,PM2.5 - Principal,12/11/2015,2015,12,11,17,71.1,UG/M3,1 Hr,Valid
Hanoi,PM2.5 - Principal,12/11/2015,2015,12,11,18,76,UG/M3,1 Hr,Valid
Hanoi,PM2.5 - Principal,12/11/2015,2015,12,11,19,78.1,UG/M3,1 Hr,Valid
Hanoi,PM2.5 - Principal,12/11/2015,2015,12,11,20,81.7,UG/M3,1 Hr,Valid
Hanoi,PM2.5 - Principal,12/11/2015,2015,12,11,21,75,UG/M3,1 Hr,Valid
Hanoi,PM2.5 - Principal,12/11/2015,2015,12,11,22,77.6,UG/M3,1 Hr,Valid
Hanoi,PM2.5 - Principal,12/11/2015,2015,12,11,23,93.7,UG/M3,1 Hr,Valid
Hanoi,PM2.5 - Principal,12/12/2015,2015,12,12,0,87.1,UG/M3,1 Hr,Valid
Hanoi,PM2.5 - Principal,12/12/2015,2015,12,12,1,91.4,UG/M3,1 Hr,Valid
Hanoi,PM2.5 - Principal,12/12/2015,2015,12,12,2,78.2,UG/M3,1 Hr,Valid
Hanoi,PM2.5 - Principal,12/12/2015,2015,12,12,3,85.3,UG/M3,1 Hr,Valid
Hanoi,PM2.5 - Principal,12/12/2015,2015,12,12,4,93.6,UG/M3,1 Hr,Valid
Hanoi,PM2.5 - Principal,12/12/2015,2015,12,12,5,109.6,UG/M3,1 Hr,Valid
Hanoi,PM2.5 - Principal,12/12/2015,2015,12,12,6,102.7,UG/M3,1 Hr,Valid
Hanoi,PM2.5 - Principal,12/12/2015,2015,12,12,7,122,UG/M3,1 Hr,Valid
Hanoi,PM2.5 - Principal,12/12/2015,2015,12,12,8,122.2,UG/M3,1 Hr,Valid
Hanoi,PM2.5 - Principal,12/12/2015,2015,12,12,9,104,UG/M3,1 Hr,Valid
Hanoi,PM2.5 - Principal,12/12/2015,2015,12,12,10,104.3,UG/M3,1 Hr,Valid
Hanoi,PM2.5 - Principal,12/12/2015,2015,12,12,11,111.9,UG/M3,1 Hr,Valid
Hanoi,PM2.5 - Principal,12/12/2015,2015,12,12,12,111.6,UG/M3,1 Hr,Valid
Hanoi,PM2.5 - Principal,12/12/2015,2015,12,12,13,126.3,UG/M3,1 Hr,Valid
Hanoi,PM2.5 - Principal,12/12/2015,2015,12,12,14,112,UG/M3,1 Hr,Valid
Hanoi,PM2.5 - Principal,12/12/2015,2015,12,12,15,136.4,UG/M3,1 Hr,Valid
Hanoi,PM2.5 - Principal,12/12/2015,2015,12,12,16,124.1,UG/M3,1 Hr,Valid
Hanoi,PM2.5 - Principal,12/12/2015,2015,12,12,17,127,UG/M3,1 Hr,Valid
Hanoi,PM2.5 - Principal,12/12/2015,2015,12,12,18,127.1,UG/M3,1 Hr,Valid
Hanoi,PM2.5 - Principal,12/12/2015,2015,12,12,19,133.3,UG/M3,1 Hr,Valid
Hanoi,PM2.5 - Principal,12/12/2015,2015,12,12,20,164.5,UG/M3,1 Hr,Valid
Hanoi,PM2.5 - Principal,12/12/2015,2015,12,12,21,152.8,UG/M3,1 Hr,Valid
Hanoi,PM2.5 - Principal,12/12/2015,2015,12,12,22,125.9,UG/M3,1 Hr,Valid
Hanoi,PM2.5 - Principal,12/12/2015,2015,12,12,23,123.9,UG/M3,1 Hr,Valid
Hanoi,PM2.5 - Principal,12/13/2015,2015,12,13,0,121.7,UG/M3,1 Hr,Valid
Hanoi,PM2.5 - Principal,12/13/2015,2015,12,13,1,115,UG/M3,1 Hr,Valid
Hanoi,PM2.5 - Principal,12/13/2015,2015,12,13,2,116.4,UG/M3,1 Hr,Valid
Hanoi,PM2.5 - Principal,12/13/2015,2015,12,13,3,102.3,UG/M3,1 Hr,Valid
Hanoi,PM2.5 - Principal,12/13/2015,2015,12,13,4,85.5,UG/M3,1 Hr,Valid
Hanoi,PM2.5 - Principal,12/13/2015,2015,12,13,5,75.2,UG/M3,1 Hr,Valid
Hanoi,PM2.5 - Principal,12/13/2015,2015,12,13,6,81,UG/M3,1 Hr,Valid
Hanoi,PM2.5 - Principal,12/13/2015,2015,12,13,7,82.1,UG/M3,1 Hr,Valid
Hanoi,PM2.5 - Principal,12/13/2015,2015,12,13,8,84.8,UG/M3,1 Hr,Valid
Hanoi,PM2.5 - Principal,12/13/2015,2015,12,13,9,83,UG/M3,1 Hr,Valid
Hanoi,PM2.5 - Principal,12/13/2015,2015,12,13,10,107.1,UG/M3,1 Hr,Valid
Hanoi,PM2.5 - Principal,12/13/2015,2015,12,13,11,110.6,UG/M3,1 Hr,Valid
Hanoi,PM2.5 - Principal,12/13/2015,2015,12,13,12,99.6,UG/M3,1 Hr,Valid
Hanoi,PM2.5 - Principal,12/13/2015,2015,12,13,13,58.9,UG/M3,1 Hr,Valid
Hanoi,PM2.5 - Principal,12/13/2015,2015,12,13,14,56,UG/M3,1 Hr,Valid
Hanoi,PM2.5 - Principal,12/13/2015,2015,12,13,15,59,UG/M3,1 Hr,Valid
Hanoi,PM2.5 - Principal,12/13/2015,2015,12,13,16,61.3,UG/M3,1 Hr,Valid
Hanoi,PM2.5 - Principal,12/13/2015,2015,12,13,17,70.8,UG/M3,1 Hr,Valid
Hanoi,PM2.5 - Principal,12/13/2015,2015,12,13,18,66.2,UG/M3,1 Hr,Valid
Hanoi,PM2.5 - Principal,12/13/2015,2015,12,13,19,75.9,UG/M3,1 Hr,Valid
Hanoi,PM2.5 - Principal,12/13/2015,2015,12,13,20,104.3,UG/M3,1 Hr,Valid
Hanoi,PM2.5 - Principal,12/13/2015,2015,12,13,21,113.9,UG/M3,1 Hr,Valid
Hanoi,PM2.5 - Principal,12/13/2015,2015,12,13,22,83.5,UG/M3,1 Hr,Valid
Hanoi,PM2.5 - Principal,12/13/2015,2015,12,13,23,70.5,UG/M3,1 Hr,Valid
Hanoi,PM2.5 - Principal,12/14/2015,2015,12,14,0,56.6,UG/M3,1 Hr,Valid
Hanoi,PM2.5 - Principal,12/14/2015,2015,12,14,1,46.9,UG/M3,1 Hr,Valid
Hanoi,PM2.5 - Principal,12/14/2015,2015,12,14,2,45.3,UG/M3,1 Hr,Valid
Hanoi,PM2.5 - Principal,12/14/2015,2015,12,14,3,56.7,UG/M3,1 Hr,Valid
Hanoi,PM2.5 - Principal,12/14/2015,2015,12,14,4,78,UG/M3,1 Hr,Valid
Hanoi,PM2.5 - Principal,12/14/2015,2015,12,14,5,46.4,UG/M3,1 Hr,Valid
Hanoi,PM2.5 - Principal,12/14/2015,2015,12,14,6,29.6,UG/M3,1 Hr,Valid
Hanoi,PM2.5 - Principal,12/14/2015,2015,12,14,7,20,UG/M3,1 Hr,Valid
Hanoi,PM2.5 - Principal,12/14/2015,2015,12,14,8,22.1,UG/M3,1 Hr,Valid
Hanoi,PM2.5 - Principal,12/14/2015,2015,12,14,9,26,UG/M3,1 Hr,Valid
Hanoi,PM2.5 - Principal,12/14/2015,2015,12,14,10,29,UG/M3,1 Hr,Valid
Hanoi,PM2.5 - Principal,12/14/2015,2015,12,14,11,28.9,UG/M3,1 Hr,Valid
Hanoi,PM2.5 - Principal,12/14/2015,2015,12,14,12,28,UG/M3,1 Hr,Valid
Hanoi,PM2.5 - Principal,12/14/2015,2015,12,14,13,28.4,UG/M3,1 Hr,Valid
Hanoi,PM2.5 - Principal,12/14/2015,2015,12,14,14,40.9,UG/M3,1 Hr,Valid
Hanoi,PM2.5 - Principal,12/14/2015,2015,12,14,15,39.3,UG/M3,1 Hr,Valid
Hanoi,PM2.5 - Principal,12/14/2015,2015,12,14,16,49.2,UG/M3,1 Hr,Valid
Hanoi,PM2.5 - Principal,12/14/2015,2015,12,14,17,55.8,UG/M3,1 Hr,Valid
Hanoi,PM2.5 - Principal,12/14/2015,2015,12,14,18,51,UG/M3,1 Hr,Valid
Hanoi,PM2.5 - Principal,12/14/2015,2015,12,14,19,52.1,UG/M3,1 Hr,Valid
Hanoi,PM2.5 - Principal,12/14/2015,2015,12,14,20,56,UG/M3,1 Hr,Valid
Hanoi,PM2.5 - Principal,12/14/2015,2015,12,14,21,55.7,UG/M3,1 Hr,Valid
Hanoi,PM2.5 - Principal,12/14/2015,2015,12,14,22,48.8,UG/M3,1 Hr,Valid
Hanoi,PM2.5 - Principal,12/14/2015,2015,12,14,23,44.2,UG/M3,1 Hr,Valid
Hanoi,PM2.5 - Principal,12/15/2015,2015,12,15,0,52.8,UG/M3,1 Hr,Valid
Hanoi,PM2.5 - Principal,12/15/2015,2015,12,15,1,47.9,UG/M3,1 Hr,Valid
Hanoi,PM2.5 - Principal,12/15/2015,2015,12,15,2,44.9,UG/M3,1 Hr,Valid
Hanoi,PM2.5 - Principal,12/15/2015,2015,12,15,3,44,UG/M3,1 Hr,Valid
Hanoi,PM2.5 - Principal,12/15/2015,2015,12,15,4,44.8,UG/M3,1 Hr,Valid
Hanoi,PM2.5 - Principal,12/15/2015,2015,12,15,5,41,UG/M3,1 Hr,Valid
Hanoi,PM2.5 - Principal,12/15/2015,2015,12,15,6,43.4,UG/M3,1 Hr,Valid
Hanoi,PM2.5 - Principal,12/15/2015,2015,12,15,7,58,UG/M3,1 Hr,Valid
Hanoi,PM2.5 - Principal,12/15/2015,2015,12,15,8,58.8,UG/M3,1 Hr,Valid
Hanoi,PM2.5 - Principal,12/15/2015,2015,12,15,9,53,UG/M3,1 Hr,Valid
Hanoi,PM2.5 - Principal,12/15/2015,2015,12,15,10,55.6,UG/M3,1 Hr,Valid
Hanoi,PM2.5 - Principal,12/15/2015,2015,12,15,11,43.8,UG/M3,1 Hr,Valid
Hanoi,PM2.5 - Principal,12/15/2015,2015,12,15,12,39.8,UG/M3,1 Hr,Valid
Hanoi,PM2.5 - Principal,12/15/2015,2015,12,15,13,36.1,UG/M3,1 Hr,Valid
Hanoi,PM2.5 - Principal,12/15/2015,2015,12,15,14,40.5,UG/M3,1 Hr,Valid
Hanoi,PM2.5 - Principal,12/15/2015,2015,12,15,15,27,UG/M3,1 Hr,Valid
Hanoi,PM2.5 - Principal,12/15/2015,2015,12,15,16,28,UG/M3,1 Hr,Valid
Hanoi,PM2.5 - Principal,12/15/2015,2015,12,15,17,30.3,UG/M3,1 Hr,Valid
Hanoi,PM2.5 - Principal,12/15/2015,2015,12,15,18,40.8,UG/M3,1 Hr,Valid
Hanoi,PM2.5 - Principal,12/15/2015,2015,12,15,19,36.8,UG/M3,1 Hr,Valid
Hanoi,PM2.5 - Principal,12/15/2015,2015,12,15,20,32.1,UG/M3,1 Hr,Valid
Hanoi,PM2.5 - Principal,12/15/2015,2015,12,15,21,38,UG/M3,1 Hr,Valid
Hanoi,PM2.5 - Principal,12/15/2015,2015,12,15,22,37.8,UG/M3,1 Hr,Valid
Hanoi,PM2.5 - Principal,12/15/2015,2015,12,15,23,33.7,UG/M3,1 Hr,Valid
Hanoi,PM2.5 - Principal,12/16/2015,2015,12,16,0,25.1,UG/M3,1 Hr,Valid
Hanoi,PM2.5 - Principal,12/16/2015,2015,12,16,1,29,UG/M3,1 Hr,Valid
Hanoi,PM2.5 - Principal,12/16/2015,2015,12,16,2,28.9,UG/M3,1 Hr,Valid
Hanoi,PM2.5 - Principal,12/16/2015,2015,12,16,3,27,UG/M3,1 Hr,Valid
Hanoi,PM2.5 - Principal,12/16/2015,2015,12,16,4,27.8,UG/M3,1 Hr,Valid
Hanoi,PM2.5 - Principal,12/16/2015,2015,12,16,5,24,UG/M3,1 Hr,Valid
Hanoi,PM2.5 - Principal,12/16/2015,2015,12,16,6,25,UG/M3,1 Hr,Valid
Hanoi,PM2.5 - Principal,12/16/2015,2015,12,16,7,25,UG/M3,1 Hr,Valid
Hanoi,PM2.5 - Principal,12/16/2015,2015,12,16,8,26.3,UG/M3,1 Hr,Valid
Hanoi,PM2.5 - Principal,12/16/2015,2015,12,16,9,36,UG/M3,1 Hr,Valid
Hanoi,PM2.5 - Principal,12/16/2015,2015,12,16,10,38.9,UG/M3,1 Hr,Valid
Hanoi,PM2.5 - Principal,12/16/2015,2015,12,16,11,37.9,UG/M3,1 Hr,Valid
Hanoi,PM2.5 - Principal,12/16/2015,2015,12,16,12,36.2,UG/M3,1 Hr,Valid
Hanoi,PM2.5 - Principal,12/16/2015,2015,12,16,13,42.8,UG/M3,1 Hr,Valid
Hanoi,PM2.5 - Principal,12/16/2015,2015,12,16,14,36.9,UG/M3,1 Hr,Valid
Hanoi,PM2.5 - Principal,12/16/2015,2015,12,16,15,35,UG/M3,1 Hr,Valid
Hanoi,PM2.5 - Principal,12/16/2015,2015,12,16,16,35,UG/M3,1 Hr,Valid
Hanoi,PM2.5 - Principal,12/16/2015,2015,12,16,17,37,UG/M3,1 Hr,Valid
Hanoi,PM2.5 - Principal,12/16/2015,2015,12,16,18,38.1,UG/M3,1 Hr,Valid
Hanoi,PM2.5 - Principal,12/16/2015,2015,12,16,19,41.7,UG/M3,1 Hr,Valid
Hanoi,PM2.5 - Principal,12/16/2015,2015,12,16,20,35,UG/M3,1 Hr,Valid
Hanoi,PM2.5 - Principal,12/16/2015,2015,12,16,21,35.8,UG/M3,1 Hr,Valid
Hanoi,PM2.5 - Principal,12/16/2015,2015,12,16,22,31.1,UG/M3,1 Hr,Valid
Hanoi,PM2.5 - Principal,12/16/2015,2015,12,16,23,35,UG/M3,1 Hr,Valid
Hanoi,PM2.5 - Principal,12/17/2015,2015,12,17,0,36,UG/M3,1 Hr,Valid
Hanoi,PM2.5 - Principal,12/17/2015,2015,12,17,1,38.8,UG/M3,1 Hr,Valid
Hanoi,PM2.5 - Principal,12/17/2015,2015,12,17,2,34,UG/M3,1 Hr,Valid
Hanoi,PM2.5 - Principal,12/17/2015,2015,12,17,3,34.8,UG/M3,1 Hr,Valid
Hanoi,PM2.5 - Principal,12/17/2015,2015,12,17,4,29.1,UG/M3,1 Hr,Valid
Hanoi,PM2.5 - Principal,12/17/2015,2015,12,17,5,32.9,UG/M3,1 Hr,Valid
Hanoi,PM2.5 - Principal,12/17/2015,2015,12,17,6,30,UG/M3,1 Hr,Valid
Hanoi,PM2.5 - Principal,12/17/2015,2015,12,17,7,30.9,UG/M3,1 Hr,Valid
Hanoi,PM2.5 - Principal,12/17/2015,2015,12,17,8,29.1,UG/M3,1 Hr,Valid
Hanoi,PM2.5 - Principal,12/17/2015,2015,12,17,9,32.9,UG/M3,1 Hr,Valid
Hanoi,PM2.5 - Principal,12/17/2015,2015,12,17,10,31.9,UG/M3,1 Hr,Valid
Hanoi,PM2.5 - Principal,12/17/2015,2015,12,17,11,29.1,UG/M3,1 Hr,Valid
Hanoi,PM2.5 - Principal,12/17/2015,2015,12,17,12,31.9,UG/M3,1 Hr,Valid
Hanoi,PM2.5 - Principal,12/17/2015,2015,12,17,13,30.1,UG/M3,1 Hr,Valid
Hanoi,PM2.5 - Principal,12/17/2015,2015,12,17,14,34,UG/M3,1 Hr,Valid
Hanoi,PM2.5 - Principal,12/17/2015,2015,12,17,15,33.9,UG/M3,1 Hr,Valid
Hanoi,PM2.5 - Principal,12/17/2015,2015,12,17,16,32.9,UG/M3,1 Hr,Valid
Hanoi,PM2.5 - Principal,12/17/2015,2015,12,17,17,31.1,UG/M3,1 Hr,Valid
Hanoi,PM2.5 - Principal,12/17/2015,2015,12,17,18,37.2,UG/M3,1 Hr,Valid
Hanoi,PM2.5 - Principal,12/17/2015,2015,12,17,19,43.1,UG/M3,1 Hr,Valid
Hanoi,PM2.5 - Principal,12/17/2015,2015,12,17,20,47.3,UG/M3,1 Hr,Valid
Hanoi,PM2.5 - Principal,12/17/2015,2015,12,17,21,58,UG/M3,1 Hr,Valid
Hanoi,PM2.5 - Principal,12/17/2015,2015,12,17,22,60.4,UG/M3,1 Hr,Valid
Hanoi,PM2.5 - Principal,12/17/2015,2015,12,17,23,74.3,UG/M3,1 Hr,Valid
Hanoi,PM2.5 - Principal,12/18/2015,2015,12,18,0,82.6,UG/M3,1 Hr,Valid
Hanoi,PM2.5 - Principal,12/18/2015,2015,12,18,1,70.8,UG/M3,1 Hr,Valid
Hanoi,PM2.5 - Principal,12/18/2015,2015,12,18,2,64.7,UG/M3,1 Hr,Valid
Hanoi,PM2.5 - Principal,12/18/2015,2015,12,18,3,58,UG/M3,1 Hr,Valid
Hanoi,PM2.5 - Principal,12/18/2015,2015,12,18,4,60.9,UG/M3,1 Hr,Valid
Hanoi,PM2.5 - Principal,12/18/2015,2015,12,18,5,89.4,UG/M3,1 Hr,Valid
Hanoi,PM2.5 - Principal,12/18/2015,2015,12,18,6,104.4,UG/M3,1 Hr,Valid
Hanoi,PM2.5 - Principal,12/18/2015,2015,12,18,7,116.9,UG/M3,1 Hr,Valid
Hanoi,PM2.5 - Principal,12/18/2015,2015,12,18,8,86.7,UG/M3,1 Hr,Valid
Hanoi,PM2.5 - Principal,12/18/2015,2015,12,18,9,80.5,UG/M3,1 Hr,Valid
Hanoi,PM2.5 - Principal,12/18/2015,2015,12,18,10,68.8,UG/M3,1 Hr,Valid
Hanoi,PM2.5 - Principal,12/18/2015,2015,12,18,11,63.8,UG/M3,1 Hr,Valid
Hanoi,PM2.5 - Principal,12/18/2015,2015,12,18,12,59.3,UG/M3,1 Hr,Valid
Hanoi,PM2.5 - Principal,12/18/2015,2015,12,18,13,69.9,UG/M3,1 Hr,Valid
Hanoi,PM2.5 - Principal,12/18/2015,2015,12,18,14,68.8,UG/M3,1 Hr,Valid
Hanoi,PM2.5 - Principal,12/18/2015,2015,12,18,15,64.8,UG/M3,1 Hr,Valid
Hanoi,PM2.5 - Principal,12/18/2015,2015,12,18,16,60.1,UG/M3,1 Hr,Valid
Hanoi,PM2.5 - Principal,12/18/2015,2015,12,18,17,63.9,UG/M3,1 Hr,Valid
Hanoi,PM2.5 - Principal,12/18/2015,2015,12,18,18,62.2,UG/M3,1 Hr,Valid
Hanoi,PM2.5 - Principal,12/18/2015,2015,12,18,19,68.4,UG/M3,1 Hr,Valid
Hanoi,PM2.5 - Principal,12/18/2015,2015,12,18,20,80.1,UG/M3,1 Hr,Valid
Hanoi,PM2.5 - Principal,12/18/2015,2015,12,18,21,84,UG/M3,1 Hr,Valid
Hanoi,PM2.5 - Principal,12/18/2015,2015,12,18,22,84.6,UG/M3,1 Hr,Valid
Hanoi,PM2.5 - Principal,12/18/2015,2015,12,18,23,75.8,UG/M3,1 Hr,Valid
Hanoi,PM2.5 - Principal,12/19/2015,2015,12,19,0,71,UG/M3,1 Hr,Valid
Hanoi,PM2.5 - Principal,12/19/2015,2015,12,19,1,71.4,UG/M3,1 Hr,Valid
Hanoi,PM2.5 - Principal,12/19/2015,2015,12,19,2,84,UG/M3,1 Hr,Valid
Hanoi,PM2.5 - Principal,12/19/2015,2015,12,19,3,113,UG/M3,1 Hr,Valid
Hanoi,PM2.5 - Principal,12/19/2015,2015,12,19,4,112.7,UG/M3,1 Hr,Valid
Hanoi,PM2.5 - Principal,12/19/2015,2015,12,19,5,105,UG/M3,1 Hr,Valid
Hanoi,PM2.5 - Principal,12/19/2015,2015,12,19,6,105,UG/M3,1 Hr,Valid
Hanoi,PM2.5 - Principal,12/19/2015,2015,12,19,7,105,UG/M3,1 Hr,Valid
Hanoi,PM2.5 - Principal,12/19/2015,2015,12,19,8,104.8,UG/M3,1 Hr,Valid
Hanoi,PM2.5 - Principal,12/19/2015,2015,12,19,9,100.9,UG/M3,1 Hr,Valid
Hanoi,PM2.5 - Principal,12/19/2015,2015,12,19,10,99.7,UG/M3,1 Hr,Valid
Hanoi,PM2.5 - Principal,12/19/2015,2015,12,19,11,92.4,UG/M3,1 Hr,Valid
Hanoi,PM2.5 - Principal,12/19/2015,2015,12,19,12,77.5,UG/M3,1 Hr,Valid
Hanoi,PM2.5 - Principal,12/19/2015,2015,12,19,13,64.8,UG/M3,1 Hr,Valid
Hanoi,PM2.5 - Principal,12/19/2015,2015,12,19,14,62,UG/M3,1 Hr,Valid
Hanoi,PM2.5 - Principal,12/19/2015,2015,12,19,15,61.8,UG/M3,1 Hr,Valid
Hanoi,PM2.5 - Principal,12/19/2015,2015,12,19,16,58.3,UG/M3,1 Hr,Valid
Hanoi,PM2.5 - Principal,12/19/2015,2015,12,19,17,69.1,UG/M3,1 Hr,Valid
Hanoi,PM2.5 - Principal,12/19/2015,2015,12,19,18,73.5,UG/M3,1 Hr,Valid
Hanoi,PM2.5 - Principal,12/19/2015,2015,12,19,19,88.6,UG/M3,1 Hr,Valid
Hanoi,PM2.5 - Principal,12/19/2015,2015,12,19,20,106.5,UG/M3,1 Hr,Valid
Hanoi,PM2.5 - Principal,12/19/2015,2015,12,19,21,122.3,UG/M3,1 Hr,Valid
Hanoi,PM2.5 - Principal,12/19/2015,2015,12,19,22,103.2,UG/M3,1 Hr,Valid
Hanoi,PM2.5 - Principal,12/19/2015,2015,12,19,23,110.7,UG/M3,1 Hr,Valid
Hanoi,PM2.5 - Principal,12/20/2015,2015,12,20,0,105.3,UG/M3,1 Hr,Valid
Hanoi,PM2.5 - Principal,12/20/2015,2015,12,20,1,115.8,UG/M3,1 Hr,Valid
Hanoi,PM2.5 - Principal,12/20/2015,2015,12,20,2,111.7,UG/M3,1 Hr,Valid
Hanoi,PM2.5 - Principal,12/20/2015,2015,12,20,3,106.2,UG/M3,1 Hr,Valid
Hanoi,PM2.5 - Principal,12/20/2015,2015,12,20,4,112.1,UG/M3,1 Hr,Valid
Hanoi,PM2.5 - Principal,12/20/2015,2015,12,20,5,87,UG/M3,1 Hr,Valid
Hanoi,PM2.5 - Principal,12/20/2015,2015,12,20,6,89.7,UG/M3,1 Hr,Valid
Hanoi,PM2.5 - Principal,12/20/2015,2015,12,20,7,112.1,UG/M3,1 Hr,Valid
Hanoi,PM2.5 - Principal,12/20/2015,2015,12,20,8,116.4,UG/M3,1 Hr,Valid
Hanoi,PM2.5 - Principal,12/20/2015,2015,12,20,9,129.2,UG/M3,1 Hr,Valid
Hanoi,PM2.5 - Principal,12/20/2015,2015,12,20,10,135.8,UG/M3,1 Hr,Valid
Hanoi,PM2.5 - Principal,12/20/2015,2015,12,20,11,103.7,UG/M3,1 Hr,Valid
Hanoi,PM2.5 - Principal,12/20/2015,2015,12,20,12,95.8,UG/M3,1 Hr,Valid
Hanoi,PM2.5 - Principal,12/20/2015,2015,12,20,13,90.6,UG/M3,1 Hr,Valid
Hanoi,PM2.5 - Principal,12/20/2015,2015,12,20,14,81,UG/M3,1 Hr,Valid
Hanoi,PM2.5 - Principal,12/20/2015,2015,12,20,15,81.9,UG/M3,1 Hr,Valid
Hanoi,PM2.5 - Principal,12/20/2015,2015,12,20,16,81.1,UG/M3,1 Hr,Valid
Hanoi,PM2.5 - Principal,12/20/2015,2015,12,20,17,85.3,UG/M3,1 Hr,Valid
Hanoi,PM2.5 - Principal,12/20/2015,2015,12,20,18,96.6,UG/M3,1 Hr,Valid
Hanoi,PM2.5 - Principal,12/20/2015,2015,12,20,19,115.7,UG/M3,1 Hr,Valid
Hanoi,PM2.5 - Principal,12/20/2015,2015,12,20,20,139,UG/M3,1 Hr,Valid
Hanoi,PM2.5 - Principal,12/20/2015,2015,12,20,21,169.8,UG/M3,1 Hr,Valid
Hanoi,PM2.5 - Principal,12/20/2015,2015,12,20,22,165,UG/M3,1 Hr,Valid
Hanoi,PM2.5 - Principal,12/20/2015,2015,12,20,23,166.3,UG/M3,1 Hr,Valid
Hanoi,PM2.5 - Principal,12/21/2015,2015,12,21,0,175.6,UG/M3,1 Hr,Valid
Hanoi,PM2.5 - Principal,12/21/2015,2015,12,21,1,166.1,UG/M3,1 Hr,Valid
Hanoi,PM2.5 - Principal,12/21/2015,2015,12,21,2,169.2,UG/M3,1 Hr,Valid
Hanoi,PM2.5 - Principal,12/21/2015,2015,12,21,3,176.1,UG/M3,1 Hr,Valid
Hanoi,PM2.5 - Principal,12/21/2015,2015,12,21,4,179,UG/M3,1 Hr,Valid
Hanoi,PM2.5 - Principal,12/21/2015,2015,12,21,5,182.5,UG/M3,1 Hr,Valid
Hanoi,PM2.5 - Principal,12/21/2015,2015,12,21,6,252.8,UG/M3,1 Hr,Valid
Hanoi,PM2.5 - Principal,12/21/2015,2015,12,21,7,274.6,UG/M3,1 Hr,Valid
Hanoi,PM2.5 - Principal,12/21/2015,2015,12,21,8,206.4,UG/M3,1 Hr,Valid
Hanoi,PM2.5 - Principal,12/21/2015,2015,12,21,9,192.5,UG/M3,1 Hr,Valid
Hanoi,PM2.5 - Principal,12/21/2015,2015,12,21,10,205.2,UG/M3,1 Hr,Valid
Hanoi,PM2.5 - Principal,12/21/2015,2015,12,21,11,156.9,UG/M3,1 Hr,Valid
Hanoi,PM2.5 - Principal,12/21/2015,2015,12,21,12,127.6,UG/M3,1 Hr,Valid
Hanoi,PM2.5 - Principal,12/21/2015,2015,12,21,13,118.1,UG/M3,1 Hr,Valid
Hanoi,PM2.5 - Principal,12/21/2015,2015,12,21,14,121.7,UG/M3,1 Hr,Valid
Hanoi,PM2.5 - Principal,12/21/2015,2015,12,21,15,114.9,UG/M3,1 Hr,Valid
Hanoi,PM2.5 - Principal,12/21/2015,2015,12,21,16,114.4,UG/M3,1 Hr,Valid
Hanoi,PM2.5 - Principal,12/21/2015,2015,12,21,17,128.1,UG/M3,1 Hr,Valid
Hanoi,PM2.5 - Principal,12/21/2015,2015,12,21,18,132.7,UG/M3,1 Hr,Valid
Hanoi,PM2.5 - Principal,12/21/2015,2015,12,21,19,152.6,UG/M3,1 Hr,Valid
Hanoi,PM2.5 - Principal,12/21/2015,2015,12,21,20,171,UG/M3,1 Hr,Valid
Hanoi,PM2.5 - Principal,12/21/2015,2015,12,21,21,199.3,UG/M3,1 Hr,Valid
Hanoi,PM2.5 - Principal,12/21/2015,2015,12,21,22,180.6,UG/M3,1 Hr,Valid
Hanoi,PM2.5 - Principal,12/21/2015,2015,12,21,23,143.6,UG/M3,1 Hr,Valid
Hanoi,PM2.5 - Principal,12/22/2015,2015,12,22,0,133.2,UG/M3,1 Hr,Valid
Hanoi,PM2.5 - Principal,12/22/2015,2015,12,22,1,111.8,UG/M3,1 Hr,Valid
Hanoi,PM2.5 - Principal,12/22/2015,2015,12,22,2,108.5,UG/M3,1 Hr,Valid
Hanoi,PM2.5 - Principal,12/22/2015,2015,12,22,3,123.9,UG/M3,1 Hr,Valid
Hanoi,PM2.5 - Principal,12/22/2015,2015,12,22,4,124.4,UG/M3,1 Hr,Valid
Hanoi,PM2.5 - Principal,12/22/2015,2015,12,22,5,164.3,UG/M3,1 Hr,Valid
Hanoi,PM2.5 - Principal,12/22/2015,2015,12,22,6,173.1,UG/M3,1 Hr,Valid
Hanoi,PM2.5 - Principal,12/22/2015,2015,12,22,7,149.9,UG/M3,1 Hr,Valid
Hanoi,PM2.5 - Principal,12/22/2015,2015,12,22,8,148.9,UG/M3,1 Hr,Valid
Hanoi,PM2.5 - Principal,12/22/2015,2015,12,22,9,146.9,UG/M3,1 Hr,Valid
Hanoi,PM2.5 - Principal,12/22/2015,2015,12,22,10,145.2,UG/M3,1 Hr,Valid
Hanoi,PM2.5 - Principal,12/22/2015,2015,12,22,11,151.9,UG/M3,1 Hr,Valid
Hanoi,PM2.5 - Principal,12/22/2015,2015,12,22,12,150.9,UG/M3,1 Hr,Valid
Hanoi,PM2.5 - Principal,12/22/2015,2015,12,22,13,148.7,UG/M3,1 Hr,Valid
Hanoi,PM2.5 - Principal,12/22/2015,2015,12,22,14,142.7,UG/M3,1 Hr,Valid
Hanoi,PM2.5 - Principal,12/22/2015,2015,12,22,15,135.8,UG/M3,1 Hr,Valid
Hanoi,PM2.5 - Principal,12/22/2015,2015,12,22,16,134.4,UG/M3,1 Hr,Valid
Hanoi,PM2.5 - Principal,12/22/2015,2015,12,22,17,174.7,UG/M3,1 Hr,Valid
Hanoi,PM2.5 - Principal,12/22/2015,2015,12,22,18,195.6,UG/M3,1 Hr,Valid
Hanoi,PM2.5 - Principal,12/22/2015,2015,12,22,19,240.6,UG/M3,1 Hr,Valid
Hanoi,PM2.5 - Principal,12/22/2015,2015,12,22,20,202.9,UG/M3,1 Hr,Valid
Hanoi,PM2.5 - Principal,12/22/2015,2015,12,22,21,173.6,UG/M3,1 Hr,Valid
Hanoi,PM2.5 - Principal,12/22/2015,2015,12,22,22,164.2,UG/M3,1 Hr,Valid
Hanoi,PM2.5 - Principal,12/22/2015,2015,12,22,23,170.5,UG/M3,1 Hr,Valid
Hanoi,PM2.5 - Principal,12/23/2015,2015,12,23,0,185.2,UG/M3,1 Hr,Valid
Hanoi,PM2.5 - Principal,12/23/2015,2015,12,23,1,192.1,UG/M3,1 Hr,Valid
Hanoi,PM2.5 - Principal,12/23/2015,2015,12,23,2,168.1,UG/M3,1 Hr,Valid
Hanoi,PM2.5 - Principal,12/23/2015,2015,12,23,3,145.1,UG/M3,1 Hr,Valid
Hanoi,PM2.5 - Principal,12/23/2015,2015,12,23,4,120.6,UG/M3,1 Hr,Valid
Hanoi,PM2.5 - Principal,12/23/2015,2015,12,23,5,110.2,UG/M3,1 Hr,Valid
Hanoi,PM2.5 - Principal,12/23/2015,2015,12,23,6,116.2,UG/M3,1 Hr,Valid
Hanoi,PM2.5 - Principal,12/23/2015,2015,12,23,7,122.8,UG/M3,1 Hr,Valid
Hanoi,PM2.5 - Principal,12/23/2015,2015,12,23,8,117.8,UG/M3,1 Hr,Valid
Hanoi,PM2.5 - Principal,12/23/2015,2015,12,23,9,114.1,UG/M3,1 Hr,Valid
Hanoi,PM2.5 - Principal,12/23/2015,2015,12,23,10,118.3,UG/M3,1 Hr,Valid
Hanoi,PM2.5 - Principal,12/23/2015,2015,12,23,11,129,UG/M3,1 Hr,Valid
Hanoi,PM2.5 - Principal,12/23/2015,2015,12,23,12,128.8,UG/M3,1 Hr,Valid
Hanoi,PM2.5 - Principal,12/23/2015,2015,12,23,13,125.4,UG/M3,1 Hr,Valid
Hanoi,PM2.5 - Principal,12/23/2015,2015,12,23,14,110.2,UG/M3,1 Hr,Valid
Hanoi,PM2.5 - Principal,12/23/2015,2015,12,23,15,115.6,UG/M3,1 Hr,Valid
Hanoi,PM2.5 - Principal,12/23/2015,2015,12,23,16,106.6,UG/M3,1 Hr,Valid
Hanoi,PM2.5 - Principal,12/23/2015,2015,12,23,17,97,UG/M3,1 Hr,Valid
Hanoi,PM2.5 - Principal,12/23/2015,2015,12,23,18,99.3,UG/M3,1 Hr,Valid
Hanoi,PM2.5 - Principal,12/23/2015,2015,12,23,19,111.9,UG/M3,1 Hr,Valid
Hanoi,PM2.5 - Principal,12/23/2015,2015,12,23,20,218.9,UG/M3,1 Hr,Valid
Hanoi,PM2.5 - Principal,12/23/2015,2015,12,23,21,216.8,UG/M3,1 Hr,Valid
Hanoi,PM2.5 - Principal,12/23/2015,2015,12,23,22,209.5,UG/M3,1 Hr,Valid
Hanoi,PM2.5 - Principal,12/23/2015,2015,12,23,23,115.1,UG/M3,1 Hr,Valid
Hanoi,PM2.5 - Principal,12/24/2015,2015,12,24,0,119.3,UG/M3,1 Hr,Valid
Hanoi,PM2.5 - Principal,12/24/2015,2015,12,24,1,101.6,UG/M3,1 Hr,Valid
Hanoi,PM2.5 - Principal,12/24/2015,2015,12,24,2,92.8,UG/M3,1 Hr,Valid
Hanoi,PM2.5 - Principal,12/24/2015,2015,12,24,3,90.1,UG/M3,1 Hr,Valid
Hanoi,PM2.5 - Principal,12/24/2015,2015,12,24,4,94.2,UG/M3,1 Hr,Valid
Hanoi,PM2.5 - Principal,12/24/2015,2015,12,24,5,102.8,UG/M3,1 Hr,Valid
Hanoi,PM2.5 - Principal,12/24/2015,2015,12,24,6,183.6,UG/M3,1 Hr,Valid
Hanoi,PM2.5 - Principal,12/24/2015,2015,12,24,7,229.5,UG/M3,1 Hr,Valid
Hanoi,PM2.5 - Principal,12/24/2015,2015,12,24,8,216.7,UG/M3,1 Hr,Valid
Hanoi,PM2.5 - Principal,12/24/2015,2015,12,24,9,209.5,UG/M3,1 Hr,Valid
Hanoi,PM2.5 - Principal,12/24/2015,2015,12,24,10,195.4,UG/M3,1 Hr,Valid
Hanoi,PM2.5 - Principal,12/24/2015,2015,12,24,11,177.6,UG/M3,1 Hr,Valid
Hanoi,PM2.5 - Principal,12/24/2015,2015,12,24,12,141.1,UG/M3,1 Hr,Valid
Hanoi,PM2.5 - Principal,12/24/2015,2015,12,24,13,144.7,UG/M3,1 Hr,Valid
Hanoi,PM2.5 - Principal,12/24/2015,2015,12,24,14,136.2,UG/M3,1 Hr,Valid
Hanoi,PM2.5 - Principal,12/24/2015,2015,12,24,15,116.2,UG/M3,1 Hr,Valid
Hanoi,PM2.5 - Principal,12/24/2015,2015,12,24,16,122.5,UG/M3,1 Hr,Valid
Hanoi,PM2.5 - Principal,12/24/2015,2015,12,24,17,111,UG/M3,1 Hr,Valid
Hanoi,PM2.5 - Principal,12/24/2015,2015,12,24,18,113,UG/M3,1 Hr,Valid
Hanoi,PM2.5 - Principal,12/24/2015,2015,12,24,19,141.5,UG/M3,1 Hr,Valid
Hanoi,PM2.5 - Principal,12/24/2015,2015,12,24,20,155.3,UG/M3,1 Hr,Valid
Hanoi,PM2.5 - Principal,12/24/2015,2015,12,24,21,164.9,UG/M3,1 Hr,Valid
Hanoi,PM2.5 - Principal,12/24/2015,2015,12,24,22,188.7,UG/M3,1 Hr,Valid
Hanoi,PM2.5 - Principal,12/24/2015,2015,12,24,23,154.7,UG/M3,1 Hr,Valid
Hanoi,PM2.5 - Principal,12/25/2015,2015,12,25,0,119.4,UG/M3,1 Hr,Valid
Hanoi,PM2.5 - Principal,12/25/2015,2015,12,25,1,75.3,UG/M3,1 Hr,Valid
Hanoi,PM2.5 - Principal,12/25/2015,2015,12,25,2,85.2,UG/M3,1 Hr,Valid
Hanoi,PM2.5 - Principal,12/25/2015,2015,12,25,3,-999,UG/M3,1 Hr,Valid
Hanoi,PM2.5 - Principal,12/25/2015,2015,12,25,4,-999,UG/M3,1 Hr,Valid
Hanoi,PM2.5 - Principal,12/25/2015,2015,12,25,5,-999,UG/M3,1 Hr,Valid
Hanoi,PM2.5 - Principal,12/25/2015,2015,12,25,6,-999,UG/M3,1 Hr,Valid
Hanoi,PM2.5 - Principal,12/25/2015,2015,12,25,7,-999,UG/M3,1 Hr,Valid
Hanoi,PM2.5 - Principal,12/25/2015,2015,12,25,8,-999,UG/M3,1 Hr,Valid
Hanoi,PM2.5 - Principal,12/25/2015,2015,12,25,9,-999,UG/M3,1 Hr,Valid
Hanoi,PM2.5 - Principal,12/25/2015,2015,12,25,10,-999,UG/M3,1 Hr,Valid
Hanoi,PM2.5 - Principal,12/25/2015,2015,12,25,11,-999,UG/M3,1 Hr,Valid
Hanoi,PM2.5 - Principal,12/25/2015,2015,12,25,12,-999,UG/M3,1 Hr,Valid
Hanoi,PM2.5 - Principal,12/25/2015,2015,12,25,13,-999,UG/M3,1 Hr,Valid
Hanoi,PM2.5 - Principal,12/25/2015,2015,12,25,14,-999,UG/M3,1 Hr,Valid
Hanoi,PM2.5 - Principal,12/25/2015,2015,12,25,15,-999,UG/M3,1 Hr,Valid
Hanoi,PM2.5 - Principal,12/25/2015,2015,12,25,16,-999,UG/M3,1 Hr,Valid
Hanoi,PM2.5 - Principal,12/25/2015,2015,12,25,17,-999,UG/M3,1 Hr,Valid
Hanoi,PM2.5 - Principal,12/25/2015,2015,12,25,18,-999,UG/M3,1 Hr,Valid
Hanoi,PM2.5 - Principal,12/25/2015,2015,12,25,19,-999,UG/M3,1 Hr,Valid
Hanoi,PM2.5 - Principal,12/25/2015,2015,12,25,20,-999,UG/M3,1 Hr,Valid
Hanoi,PM2.5 - Principal,12/25/2015,2015,12,25,21,-999,UG/M3,1 Hr,Valid
Hanoi,PM2.5 - Principal,12/25/2015,2015,12,25,22,-999,UG/M3,1 Hr,Valid
Hanoi,PM2.5 - Principal,12/25/2015,2015,12,25,23,-999,UG/M3,1 Hr,Valid
Hanoi,PM2.5 - Principal,12/26/2015,2015,12,26,0,-999,UG/M3,1 Hr,Valid
Hanoi,PM2.5 - Principal,12/26/2015,2015,12,26,1,-999,UG/M3,1 Hr,Valid
Hanoi,PM2.5 - Principal,12/26/2015,2015,12,26,2,-999,UG/M3,1 Hr,Valid
Hanoi,PM2.5 - Principal,12/26/2015,2015,12,26,3,-999,UG/M3,1 Hr,Valid
Hanoi,PM2.5 - Principal,12/26/2015,2015,12,26,4,-999,UG/M3,1 Hr,Valid
Hanoi,PM2.5 - Principal,12/26/2015,2015,12,26,5,-999,UG/M3,1 Hr,Valid
Hanoi,PM2.5 - Principal,12/26/2015,2015,12,26,6,-999,UG/M3,1 Hr,Valid
Hanoi,PM2.5 - Principal,12/26/2015,2015,12,26,7,-999,UG/M3,1 Hr,Valid
Hanoi,PM2.5 - Principal,12/26/2015,2015,12,26,8,-999,UG/M3,1 Hr,Valid
Hanoi,PM2.5 - Principal,12/26/2015,2015,12,26,9,-999,UG/M3,1 Hr,Valid
Hanoi,PM2.5 - Principal,12/26/2015,2015,12,26,10,-999,UG/M3,1 Hr,Valid
Hanoi,PM2.5 - Principal,12/26/2015,2015,12,26,11,-999,UG/M3,1 Hr,Valid
Hanoi,PM2.5 - Principal,12/26/2015,2015,12,26,12,-999,UG/M3,1 Hr,Valid
Hanoi,PM2.5 - Principal,12/26/2015,2015,12,26,13,-999,UG/M3,1 Hr,Valid
Hanoi,PM2.5 - Principal,12/26/2015,2015,12,26,14,-999,UG/M3,1 Hr,Valid
Hanoi,PM2.5 - Principal,12/26/2015,2015,12,26,15,-999,UG/M3,1 Hr,Valid
Hanoi,PM2.5 - Principal,12/26/2015,2015,12,26,16,-999,UG/M3,1 Hr,Valid
Hanoi,PM2.5 - Principal,12/26/2015,2015,12,26,17,-999,UG/M3,1 Hr,Valid
Hanoi,PM2.5 - Principal,12/26/2015,2015,12,26,18,-999,UG/M3,1 Hr,Valid
Hanoi,PM2.5 - Principal,12/26/2015,2015,12,26,19,-999,UG/M3,1 Hr,Valid
Hanoi,PM2.5 - Principal,12/26/2015,2015,12,26,20,-999,UG/M3,1 Hr,Valid
Hanoi,PM2.5 - Principal,12/26/2015,2015,12,26,21,-999,UG/M3,1 Hr,Valid
Hanoi,PM2.5 - Principal,12/26/2015,2015,12,26,22,-999,UG/M3,1 Hr,Valid
Hanoi,PM2.5 - Principal,12/26/2015,2015,12,26,23,-999,UG/M3,1 Hr,Valid
Hanoi,PM2.5 - Principal,12/27/2015,2015,12,27,0,-999,UG/M3,1 Hr,Valid
Hanoi,PM2.5 - Principal,12/27/2015,2015,12,27,1,-999,UG/M3,1 Hr,Valid
Hanoi,PM2.5 - Principal,12/27/2015,2015,12,27,2,-999,UG/M3,1 Hr,Valid
Hanoi,PM2.5 - Principal,12/27/2015,2015,12,27,3,-999,UG/M3,1 Hr,Valid
Hanoi,PM2.5 - Principal,12/27/2015,2015,12,27,4,-999,UG/M3,1 Hr,Valid
Hanoi,PM2.5 - Principal,12/27/2015,2015,12,27,5,-999,UG/M3,1 Hr,Valid
Hanoi,PM2.5 - Principal,12/27/2015,2015,12,27,6,-999,UG/M3,1 Hr,Valid
Hanoi,PM2.5 - Principal,12/27/2015,2015,12,27,7,-999,UG/M3,1 Hr,Valid
Hanoi,PM2.5 - Principal,12/27/2015,2015,12,27,8,50.3,UG/M3,1 Hr,Valid
Hanoi,PM2.5 - Principal,12/27/2015,2015,12,27,9,58,UG/M3,1 Hr,Valid
Hanoi,PM2.5 - Principal,12/27/2015,2015,12,27,10,34.8,UG/M3,1 Hr,Valid
Hanoi,PM2.5 - Principal,12/27/2015,2015,12,27,11,32,UG/M3,1 Hr,Valid
Hanoi,PM2.5 - Principal,12/27/2015,2015,12,27,12,32.9,UG/M3,1 Hr,Valid
Hanoi,PM2.5 - Principal,12/27/2015,2015,12,27,13,31.1,UG/M3,1 Hr,Valid
Hanoi,PM2.5 - Principal,12/27/2015,2015,12,27,14,36.4,UG/M3,1 Hr,Valid
Hanoi,PM2.5 - Principal,12/27/2015,2015,12,27,15,48.1,UG/M3,1 Hr,Valid
Hanoi,PM2.5 - Principal,12/27/2015,2015,12,27,16,52.6,UG/M3,1 Hr,Valid
Hanoi,PM2.5 - Principal,12/27/2015,2015,12,27,17,67.5,UG/M3,1 Hr,Valid
Hanoi,PM2.5 - Principal,12/27/2015,2015,12,27,18,54.6,UG/M3,1 Hr,Valid
Hanoi,PM2.5 - Principal,12/27/2015,2015,12,27,19,46,UG/M3,1 Hr,Valid
Hanoi,PM2.5 - Principal,12/27/2015,2015,12,27,20,47.3,UG/M3,1 Hr,Valid
Hanoi,PM2.5 - Principal,12/27/2015,2015,12,27,21,56.2,UG/M3,1 Hr,Valid
Hanoi,PM2.5 - Principal,12/27/2015,2015,12,27,22,63.5,UG/M3,1 Hr,Valid
Hanoi,PM2.5 - Principal,12/27/2015,2015,12,27,23,77.7,UG/M3,1 Hr,Valid
Hanoi,PM2.5 - Principal,12/28/2015,2015,12,28,0,71.7,UG/M3,1 Hr,Valid
Hanoi,PM2.5 - Principal,12/28/2015,2015,12,28,1,65.6,UG/M3,1 Hr,Valid
Hanoi,PM2.5 - Principal,12/28/2015,2015,12,28,2,82.3,UG/M3,1 Hr,Valid
Hanoi,PM2.5 - Principal,12/28/2015,2015,12,28,3,89.6,UG/M3,1 Hr,Valid
Hanoi,PM2.5 - Principal,12/28/2015,2015,12,28,4,81.1,UG/M3,1 Hr,Valid
Hanoi,PM2.5 - Principal,12/28/2015,2015,12,28,5,59.2,UG/M3,1 Hr,Valid
Hanoi,PM2.5 - Principal,12/28/2015,2015,12,28,6,65.9,UG/M3,1 Hr,Valid
Hanoi,PM2.5 - Principal,12/28/2015,2015,12,28,7,65.5,UG/M3,1 Hr,Valid
Hanoi,PM2.5 - Principal,12/28/2015,2015,12,28,8,79.4,UG/M3,1 Hr,Valid
Hanoi,PM2.5 - Principal,12/28/2015,2015,12,28,9,89.6,UG/M3,1 Hr,Valid
Hanoi,PM2.5 - Principal,12/28/2015,2015,12,28,10,80.7,UG/M3,1 Hr,Valid
Hanoi,PM2.5 - Principal,12/28/2015,2015,12,28,11,74.2,UG/M3,1 Hr,Valid
Hanoi,PM2.5 - Principal,12/28/2015,2015,12,28,12,81.1,UG/M3,1 Hr,Valid
Hanoi,PM2.5 - Principal,12/28/2015,2015,12,28,13,84.8,UG/M3,1 Hr,Valid
Hanoi,PM2.5 - Principal,12/28/2015,2015,12,28,14,80.5,UG/M3,1 Hr,Valid
Hanoi,PM2.5 - Principal,12/28/2015,2015,12,28,15,70.3,UG/M3,1 Hr,Valid
Hanoi,PM2.5 - Principal,12/28/2015,2015,12,28,16,78.3,UG/M3,1 Hr,Valid
Hanoi,PM2.5 - Principal,12/28/2015,2015,12,28,17,85.5,UG/M3,1 Hr,Valid
Hanoi,PM2.5 - Principal,12/28/2015,2015,12,28,18,75.3,UG/M3,1 Hr,Valid
Hanoi,PM2.5 - Principal,12/28/2015,2015,12,28,19,85.5,UG/M3,1 Hr,Valid
Hanoi,PM2.5 - Principal,12/28/2015,2015,12,28,20,99.1,UG/M3,1 Hr,Valid
Hanoi,PM2.5 - Principal,12/28/2015,2015,12,28,21,102.8,UG/M3,1 Hr,Valid
Hanoi,PM2.5 - Principal,12/28/2015,2015,12,28,22,97.8,UG/M3,1 Hr,Valid
Hanoi,PM2.5 - Principal,12/28/2015,2015,12,28,23,94.7,UG/M3,1 Hr,Valid
Hanoi,PM2.5 - Principal,12/29/2015,2015,12,29,0,88.7,UG/M3,1 Hr,Valid
Hanoi,PM2.5 - Principal,12/29/2015,2015,12,29,1,81.7,UG/M3,1 Hr,Valid
Hanoi,PM2.5 - Principal,12/29/2015,2015,12,29,2,75.1,UG/M3,1 Hr,Valid
Hanoi,PM2.5 - Principal,12/29/2015,2015,12,29,3,78.5,UG/M3,1 Hr,Valid
Hanoi,PM2.5 - Principal,12/29/2015,2015,12,29,4,67.1,UG/M3,1 Hr,Valid
Hanoi,PM2.5 - Principal,12/29/2015,2015,12,29,5,70,UG/M3,1 Hr,Valid
Hanoi,PM2.5 - Principal,12/29/2015,2015,12,29,6,69.6,UG/M3,1 Hr,Valid
Hanoi,PM2.5 - Principal,12/29/2015,2015,12,29,7,59.7,UG/M3,1 Hr,Valid
Hanoi,PM2.5 - Principal,12/29/2015,2015,12,29,8,54,UG/M3,1 Hr,Valid
Hanoi,PM2.5 - Principal,12/29/2015,2015,12,29,9,56,UG/M3,1 Hr,Valid
Hanoi,PM2.5 - Principal,12/29/2015,2015,12,29,10,55.7,UG/M3,1 Hr,Valid
Hanoi,PM2.5 - Principal,12/29/2015,2015,12,29,11,48,UG/M3,1 Hr,Valid
Hanoi,PM2.5 - Principal,12/29/2015,2015,12,29,12,-999,UG/M3,1 Hr,Valid
Hanoi,PM2.5 - Principal,12/29/2015,2015,12,29,13,35.8,UG/M3,1 Hr,Valid
Hanoi,PM2.5 - Principal,12/29/2015,2015,12,29,14,32.6,UG/M3,1 Hr,Valid
Hanoi,PM2.5 - Principal,12/29/2015,2015,12,29,15,25.3,UG/M3,1 Hr,Valid
Hanoi,PM2.5 - Principal,12/29/2015,2015,12,29,16,34.1,UG/M3,1 Hr,Valid
Hanoi,PM2.5 - Principal,12/29/2015,2015,12,29,17,36.5,UG/M3,1 Hr,Valid
Hanoi,PM2.5 - Principal,12/29/2015,2015,12,29,18,25.3,UG/M3,1 Hr,Valid
Hanoi,PM2.5 - Principal,12/29/2015,2015,12,29,19,35.1,UG/M3,1 Hr,Valid
Hanoi,PM2.5 - Principal,12/29/2015,2015,12,29,20,38,UG/M3,1 Hr,Valid
Hanoi,PM2.5 - Principal,12/29/2015,2015,12,29,21,38.9,UG/M3,1 Hr,Valid
Hanoi,PM2.5 - Principal,12/29/2015,2015,12,29,22,36.8,UG/M3,1 Hr,Valid
Hanoi,PM2.5 - Principal,12/29/2015,2015,12,29,23,33.9,UG/M3,1 Hr,Valid
Hanoi,PM2.5 - Principal,12/30/2015,2015,12,30,0,26,UG/M3,1 Hr,Valid
Hanoi,PM2.5 - Principal,12/30/2015,2015,12,30,1,27.6,UG/M3,1 Hr,Valid
Hanoi,PM2.5 - Principal,12/30/2015,2015,12,30,2,18.1,UG/M3,1 Hr,Valid
Hanoi,PM2.5 - Principal,12/30/2015,2015,12,30,3,22.1,UG/M3,1 Hr,Valid
Hanoi,PM2.5 - Principal,12/30/2015,2015,12,30,4,24.8,UG/M3,1 Hr,Valid
Hanoi,PM2.5 - Principal,12/30/2015,2015,12,30,5,21.1,UG/M3,1 Hr,Valid
Hanoi,PM2.5 - Principal,12/30/2015,2015,12,30,6,26,UG/M3,1 Hr,Valid
Hanoi,PM2.5 - Principal,12/30/2015,2015,12,30,7,26.9,UG/M3,1 Hr,Valid
Hanoi,PM2.5 - Principal,12/30/2015,2015,12,30,8,26.1,UG/M3,1 Hr,Valid
Hanoi,PM2.5 - Principal,12/30/2015,2015,12,30,9,30.1,UG/M3,1 Hr,Valid
Hanoi,PM2.5 - Principal,12/30/2015,2015,12,30,10,33,UG/M3,1 Hr,Valid
Hanoi,PM2.5 - Principal,12/30/2015,2015,12,30,11,-999,UG/M3,1 Hr,Valid
Hanoi,PM2.5 - Principal,12/30/2015,2015,12,30,12,-999,UG/M3,1 Hr,Valid
Hanoi,PM2.5 - Principal,12/30/2015,2015,12,30,13,17.1,UG/M3,1 Hr,Valid
Hanoi,PM2.5 - Principal,12/30/2015,2015,12,30,14,21,UG/M3,1 Hr,Valid
Hanoi,PM2.5 - Principal,12/30/2015,2015,12,30,15,21.1,UG/M3,1 Hr,Valid
Hanoi,PM2.5 - Principal,12/30/2015,2015,12,30,16,26.1,UG/M3,1 Hr,Valid
Hanoi,PM2.5 - Principal,12/30/2015,2015,12,30,17,29.1,UG/M3,1 Hr,Valid
Hanoi,PM2.5 - Principal,12/30/2015,2015,12,30,18,33.2,UG/M3,1 Hr,Valid
Hanoi,PM2.5 - Principal,12/30/2015,2015,12,30,19,38.7,UG/M3,1 Hr,Valid
Hanoi,PM2.5 - Principal,12/30/2015,2015,12,30,20,31.1,UG/M3,1 Hr,Valid
Hanoi,PM2.5 - Principal,12/30/2015,2015,12,30,21,33.9,UG/M3,1 Hr,Valid
Hanoi,PM2.5 - Principal,12/30/2015,2015,12,30,22,33.2,UG/M3,1 Hr,Valid
Hanoi,PM2.5 - Principal,12/30/2015,2015,12,30,23,40.1,UG/M3,1 Hr,Valid
Hanoi,PM2.5 - Principal,12/31/2015,2015,12,31,0,44,UG/M3,1 Hr,Valid
Hanoi,PM2.5 - Principal,12/31/2015,2015,12,31,1,45.2,UG/M3,1 Hr,Valid
Hanoi,PM2.5 - Principal,12/31/2015,2015,12,31,2,51,UG/M3,1 Hr,Valid
Hanoi,PM2.5 - Principal,12/31/2015,2015,12,31,3,51.1,UG/M3,1 Hr,Valid
Hanoi,PM2.5 - Principal,12/31/2015,2015,12,31,4,53.6,UG/M3,1 Hr,Valid
Hanoi,PM2.5 - Principal,12/31/2015,2015,12,31,5,44.9,UG/M3,1 Hr,Valid
Hanoi,PM2.5 - Principal,12/31/2015,2015,12,31,6,43,UG/M3,1 Hr,Valid
Hanoi,PM2.5 - Principal,12/31/2015,2015,12,31,7,45.4,UG/M3,1 Hr,Valid
